"date","region","subregion","passenger_count","ctry_cntr_long","ctry_cntr_lat"
2018-01-01,"Asia","Korea",198145,-32.3073484848485,36.3019696969697
2018-02-01,"Asia","Korea",156555,-32.3073484848485,36.3019696969697
2017-01-01,"Asia","Korea",154367,-32.3073484848485,36.3019696969697
2017-02-01,"Asia","Korea",150685,-32.3073484848485,36.3019696969697
2016-08-01,"Asia","Korea",147588,-32.3073484848485,36.3019696969697
2016-01-01,"Asia","Korea",147165,-32.3073484848485,36.3019696969697
2018-02-01,"Asia","China",146536,-44.1156278026906,34.0535201793722
2016-12-01,"Asia","Korea",143380,-32.3073484848485,36.3019696969697
2016-07-01,"Asia","Korea",142793,-32.3073484848485,36.3019696969697
2017-08-01,"Asia","Korea",141869,-32.3073484848485,36.3019696969697
2015-09-01,"Asia","Korea",139472,-32.3073484848485,36.3019696969697
2017-10-01,"Asia","Korea",139218,-32.3073484848485,36.3019696969697
2016-02-01,"Asia","Korea",137598,-32.3073484848485,36.3019696969697
2017-03-01,"Asia","Korea",135813,-32.3073484848485,36.3019696969697
2017-07-01,"Asia","Korea",132135,-32.3073484848485,36.3019696969697
2018-09-01,"Asia","Korea",129734,-32.3073484848485,36.3019696969697
2017-05-01,"Asia","Korea",128691,-32.3073484848485,36.3019696969697
2018-12-01,"Asia","Korea",127935,-32.3073484848485,36.3019696969697
2016-11-01,"Asia","Korea",127547,-32.3073484848485,36.3019696969697
2018-08-01,"Asia","Korea",127190,-32.3073484848485,36.3019696969697
2018-10-01,"Asia","Korea",125236,-32.3073484848485,36.3019696969697
2017-09-01,"Asia","Korea",123834,-32.3073484848485,36.3019696969697
2018-11-01,"Asia","Korea",122390,-32.3073484848485,36.3019696969697
2018-04-01,"Asia","Korea",122387,-32.3073484848485,36.3019696969697
2014-09-01,"Asia","Korea",121624,-32.3073484848485,36.3019696969697
2015-02-01,"Asia","Korea",121218,-32.3073484848485,36.3019696969697
2018-08-01,"Asia","China",119990,-44.1156278026906,34.0535201793722
2015-08-01,"Asia","Korea",119292,-32.3073484848485,36.3019696969697
2014-01-01,"Asia","Korea",118308,-32.3073484848485,36.3019696969697
2017-04-01,"Asia","Korea",117074,-32.3073484848485,36.3019696969697
2016-09-01,"Asia","Korea",115147,-32.3073484848485,36.3019696969697
2018-05-01,"Asia","Korea",114973,-32.3073484848485,36.3019696969697
2018-04-01,"Asia","China",114549,-44.1156278026906,34.0535201793722
2014-08-01,"Asia","Korea",114257,-32.3073484848485,36.3019696969697
2018-06-01,"Asia","Korea",113488,-32.3073484848485,36.3019696969697
2016-10-01,"Asia","Korea",112508,-32.3073484848485,36.3019696969697
2018-07-01,"Asia","Korea",111640,-32.3073484848485,36.3019696969697
2018-01-01,"Asia","China",111344,-44.1156278026906,34.0535201793722
2018-05-01,"Asia","China",109789,-44.1156278026906,34.0535201793722
2016-06-01,"Asia","Korea",109786,-32.3073484848485,36.3019696969697
2018-01-01,"America","USA",109154,104.870802407222,37.4450351053159
2017-06-01,"Asia","Korea",108455,-32.3073484848485,36.3019696969697
2018-09-01,"Asia","China",106789,-44.1156278026906,34.0535201793722
2015-12-01,"Asia","Korea",105330,-32.3073484848485,36.3019696969697
2018-12-01,"America","USA",104597,104.870802407222,37.4450351053159
2014-02-01,"Asia","Korea",102523,-32.3073484848485,36.3019696969697
2018-10-01,"Asia","China",102374,-44.1156278026906,34.0535201793722
2015-11-01,"Asia","Korea",102057,-32.3073484848485,36.3019696969697
2014-12-01,"Asia","Korea",100243,-32.3073484848485,36.3019696969697
2017-01-01,"America","USA",99435,104.870802407222,37.4450351053159
2016-03-01,"Asia","Korea",98781,-32.3073484848485,36.3019696969697
2016-04-01,"Asia","Korea",98052,-32.3073484848485,36.3019696969697
2016-12-01,"America","USA",97614,104.870802407222,37.4450351053159
2018-12-01,"Asia","China",97513,-44.1156278026906,34.0535201793722
2015-07-01,"Asia","Korea",96954,-32.3073484848485,36.3019696969697
2017-08-01,"Asia","China",95687,-44.1156278026906,34.0535201793722
2015-10-01,"Asia","Korea",95386,-32.3073484848485,36.3019696969697
2016-05-01,"Asia","Korea",94736,-32.3073484848485,36.3019696969697
2014-07-01,"Asia","Korea",94694,-32.3073484848485,36.3019696969697
2018-06-01,"America","USA",94567,104.870802407222,37.4450351053159
2015-06-01,"Asia","Korea",94086,-32.3073484848485,36.3019696969697
2015-03-01,"Asia","Korea",93099,-32.3073484848485,36.3019696969697
2018-05-01,"America","USA",92754,104.870802407222,37.4450351053159
2014-11-01,"Asia","Korea",92339,-32.3073484848485,36.3019696969697
2018-07-01,"America","USA",91684,104.870802407222,37.4450351053159
2017-07-01,"Asia","China",90763,-44.1156278026906,34.0535201793722
2015-05-01,"Asia","Korea",90465,-32.3073484848485,36.3019696969697
2017-10-01,"Asia","China",89932,-44.1156278026906,34.0535201793722
2017-04-01,"America","USA",87614,104.870802407222,37.4450351053159
2018-11-01,"Asia","China",87243,-44.1156278026906,34.0535201793722
2017-07-01,"America","USA",86017,104.870802407222,37.4450351053159
2017-01-01,"Asia","China",85948,-44.1156278026906,34.0535201793722
2018-07-01,"Asia","China",85800,-44.1156278026906,34.0535201793722
2018-04-01,"America","USA",85573,104.870802407222,37.4450351053159
2018-02-01,"America","USA",84835,104.870802407222,37.4450351053159
2017-06-01,"America","USA",84676,104.870802407222,37.4450351053159
2016-01-01,"America","USA",84506,104.870802407222,37.4450351053159
2017-05-01,"America","USA",83056,104.870802407222,37.4450351053159
2016-02-01,"Asia","China",82208,-44.1156278026906,34.0535201793722
2014-10-01,"Asia","Korea",82098,-32.3073484848485,36.3019696969697
2016-07-01,"Asia","China",81843,-44.1156278026906,34.0535201793722
2017-02-01,"America","USA",80463,104.870802407222,37.4450351053159
2017-09-01,"Asia","China",79463,-44.1156278026906,34.0535201793722
2014-04-01,"Asia","Korea",79408,-32.3073484848485,36.3019696969697
2018-11-01,"America","USA",79089,104.870802407222,37.4450351053159
2014-06-01,"Asia","Korea",79054,-32.3073484848485,36.3019696969697
2017-02-01,"Asia","China",78251,-44.1156278026906,34.0535201793722
2017-03-01,"America","USA",78199,104.870802407222,37.4450351053159
2018-06-01,"Asia","China",78071,-44.1156278026906,34.0535201793722
2016-06-01,"America","USA",76575,104.870802407222,37.4450351053159
2017-03-01,"Asia","China",76155,-44.1156278026906,34.0535201793722
2018-10-01,"America","USA",76090,104.870802407222,37.4450351053159
2016-03-01,"America","USA",75437,104.870802407222,37.4450351053159
2016-07-01,"America","USA",74899,104.870802407222,37.4450351053159
2017-04-01,"Asia","China",74893,-44.1156278026906,34.0535201793722
2014-05-01,"Asia","Korea",73984,-32.3073484848485,36.3019696969697
2017-05-01,"Asia","China",73649,-44.1156278026906,34.0535201793722
2016-05-01,"America","USA",73644,104.870802407222,37.4450351053159
2016-04-01,"America","USA",72718,104.870802407222,37.4450351053159
2015-03-01,"America","USA",71831,104.870802407222,37.4450351053159
2016-02-01,"America","USA",71290,104.870802407222,37.4450351053159
2014-01-01,"America","USA",71042,104.870802407222,37.4450351053159
2015-05-01,"America","USA",69520,104.870802407222,37.4450351053159
2016-10-01,"America","USA",67994,104.870802407222,37.4450351053159
2016-11-01,"America","USA",67840,104.870802407222,37.4450351053159
2017-10-01,"America","USA",67567,104.870802407222,37.4450351053159
2014-05-01,"America","USA",67507,104.870802407222,37.4450351053159
2014-04-01,"America","USA",67487,104.870802407222,37.4450351053159
2015-06-01,"America","USA",67199,104.870802407222,37.4450351053159
2015-08-01,"Asia","China",66689,-44.1156278026906,34.0535201793722
2017-06-01,"Asia","China",66066,-44.1156278026906,34.0535201793722
2018-08-01,"America","USA",65567,104.870802407222,37.4450351053159
2015-09-01,"Asia","China",65403,-44.1156278026906,34.0535201793722
2015-02-01,"America","USA",65330,104.870802407222,37.4450351053159
2015-08-01,"America","USA",65218,104.870802407222,37.4450351053159
2015-07-01,"America","USA",65173,104.870802407222,37.4450351053159
2018-08-01,"Asia","Japan",65136,-23.1284684684684,35.605975975976
2017-08-01,"Asia","Japan",64114,-23.1284684684684,35.605975975976
2016-08-01,"Asia","Japan",62054,-23.1284684684684,35.605975975976
2016-08-01,"Asia","China",61766,-44.1156278026906,34.0535201793722
2014-07-01,"America","USA",61730,104.870802407222,37.4450351053159
2017-08-01,"America","USA",61415,104.870802407222,37.4450351053159
2014-02-01,"America","USA",60936,104.870802407222,37.4450351053159
2017-03-01,"Asia","Japan",60778,-23.1284684684684,35.605975975976
2014-06-01,"America","USA",60730,104.870802407222,37.4450351053159
2014-08-01,"America","USA",60361,104.870802407222,37.4450351053159
2018-02-01,"Asia","Japan",60262,-23.1284684684684,35.605975975976
2018-09-01,"America","USA",59600,104.870802407222,37.4450351053159
2015-11-01,"America","USA",59150,104.870802407222,37.4450351053159
2018-01-01,"Asia","Japan",57038,-23.1284684684684,35.605975975976
2017-09-01,"America","USA",56827,104.870802407222,37.4450351053159
2015-09-01,"Asia","Japan",55997,-23.1284684684684,35.605975975976
2014-11-01,"America","USA",55819,104.870802407222,37.4450351053159
2016-06-01,"Asia","China",55610,-44.1156278026906,34.0535201793722
2015-12-01,"America","USA",55451,104.870802407222,37.4450351053159
2016-08-01,"America","USA",55080,104.870802407222,37.4450351053159
2014-12-01,"America","USA",54955,104.870802407222,37.4450351053159
2016-04-01,"Asia","China",54011,-44.1156278026906,34.0535201793722
2017-02-01,"Asia","Japan",53957,-23.1284684684684,35.605975975976
2018-12-01,"Asia","Japan",53806,-23.1284684684684,35.605975975976
2016-03-01,"Asia","China",53596,-44.1156278026906,34.0535201793722
2018-09-01,"Asia","Japan",53342,-23.1284684684684,35.605975975976
2016-09-01,"Asia","China",53015,-44.1156278026906,34.0535201793722
2016-09-01,"America","USA",51866,104.870802407222,37.4450351053159
2014-09-01,"Asia","Japan",51815,-23.1284684684684,35.605975975976
2017-01-01,"Asia","Japan",51516,-23.1284684684684,35.605975975976
2015-10-01,"Asia","China",51378,-44.1156278026906,34.0535201793722
2016-03-01,"Asia","Japan",51093,-23.1284684684684,35.605975975976
2016-02-01,"Asia","Japan",50840,-23.1284684684684,35.605975975976
2018-07-01,"Asia","Japan",50591,-23.1284684684684,35.605975975976
2015-09-01,"America","USA",50050,104.870802407222,37.4450351053159
2014-01-01,"Asia","China",49538,-44.1156278026906,34.0535201793722
2014-02-01,"Asia","China",49479,-44.1156278026906,34.0535201793722
2018-04-01,"Asia","Japan",49021,-23.1284684684684,35.605975975976
2016-01-01,"Asia","China",48708,-44.1156278026906,34.0535201793722
2016-11-01,"Asia","China",48203,-44.1156278026906,34.0535201793722
2018-11-01,"Asia","Japan",47776,-23.1284684684684,35.605975975976
2017-07-01,"Asia","Japan",47377,-23.1284684684684,35.605975975976
2015-03-01,"Asia","Japan",46885,-23.1284684684684,35.605975975976
2016-05-01,"Asia","China",46825,-44.1156278026906,34.0535201793722
2017-09-01,"Asia","Japan",46553,-23.1284684684684,35.605975975976
2015-10-01,"America","USA",46291,104.870802407222,37.4450351053159
2015-10-01,"Asia","Japan",45934,-23.1284684684684,35.605975975976
2018-05-01,"Asia","Japan",45744,-23.1284684684684,35.605975975976
2016-12-01,"Asia","China",45336,-44.1156278026906,34.0535201793722
2015-02-01,"Asia","Japan",45299,-23.1284684684684,35.605975975976
2018-10-01,"Asia","Japan",45108,-23.1284684684684,35.605975975976
2017-04-01,"Asia","Japan",44872,-23.1284684684684,35.605975975976
2017-05-01,"Asia","Japan",44696,-23.1284684684684,35.605975975976
2014-04-01,"Asia","Japan",44568,-23.1284684684684,35.605975975976
2016-10-01,"Asia","China",44542,-44.1156278026906,34.0535201793722
2016-07-01,"Asia","Japan",44434,-23.1284684684684,35.605975975976
2016-12-01,"Asia","Japan",43977,-23.1284684684684,35.605975975976
2014-09-01,"America","USA",43545,104.870802407222,37.4450351053159
2016-09-01,"Asia","Japan",43525,-23.1284684684684,35.605975975976
2014-10-01,"America","USA",43047,104.870802407222,37.4450351053159
2016-11-01,"Asia","Japan",42506,-23.1284684684684,35.605975975976
2015-11-01,"Asia","China",42073,-44.1156278026906,34.0535201793722
2014-08-01,"Asia","China",41865,-44.1156278026906,34.0535201793722
2015-02-01,"Asia","China",41812,-44.1156278026906,34.0535201793722
2016-01-01,"Asia","Japan",41691,-23.1284684684684,35.605975975976
2015-08-01,"Asia","Japan",41620,-23.1284684684684,35.605975975976
2014-09-01,"Asia","China",40365,-44.1156278026906,34.0535201793722
2014-02-01,"Asia","Japan",40223,-23.1284684684684,35.605975975976
2018-06-01,"Asia","Japan",40119,-23.1284684684684,35.605975975976
2016-04-01,"Asia","Japan",39996,-23.1284684684684,35.605975975976
2016-05-01,"Asia","Japan",39422,-23.1284684684684,35.605975975976
2017-10-01,"Asia","Japan",38733,-23.1284684684684,35.605975975976
2014-08-01,"Asia","Japan",38720,-23.1284684684684,35.605975975976
2017-06-01,"Asia","Japan",38261,-23.1284684684684,35.605975975976
2014-10-01,"Asia","Japan",38199,-23.1284684684684,35.605975975976
2016-10-01,"Asia","Japan",38086,-23.1284684684684,35.605975975976
2014-04-01,"Asia","China",37714,-44.1156278026906,34.0535201793722
2016-06-01,"Asia","Japan",37614,-23.1284684684684,35.605975975976
2015-12-01,"Asia","China",37329,-44.1156278026906,34.0535201793722
2015-05-01,"Asia","Japan",37228,-23.1284684684684,35.605975975976
2015-06-01,"Asia","Japan",37102,-23.1284684684684,35.605975975976
2014-12-01,"Asia","Japan",36847,-23.1284684684684,35.605975975976
2015-11-01,"Asia","Japan",36332,-23.1284684684684,35.605975975976
2015-12-01,"Asia","Japan",35612,-23.1284684684684,35.605975975976
2014-05-01,"Asia","Japan",35496,-23.1284684684684,35.605975975976
2014-01-01,"Asia","Japan",35160,-23.1284684684684,35.605975975976
2014-11-01,"Asia","Japan",33533,-23.1284684684684,35.605975975976
2014-06-01,"Asia","Japan",33494,-23.1284684684684,35.605975975976
2015-05-01,"Asia","China",33250,-44.1156278026906,34.0535201793722
2015-07-01,"Asia","Japan",32560,-23.1284684684684,35.605975975976
2015-07-01,"Asia","China",32495,-44.1156278026906,34.0535201793722
2015-06-01,"Asia","China",31537,-44.1156278026906,34.0535201793722
2014-07-01,"Asia","Japan",31425,-23.1284684684684,35.605975975976
2014-05-01,"Asia","China",31424,-44.1156278026906,34.0535201793722
2018-02-01,"Australasia & The Pacific","Australia",30924,-15.7823004694836,-30.319014084507
2014-06-01,"Asia","China",30796,-44.1156278026906,34.0535201793722
2015-03-01,"Asia","China",30067,-44.1156278026906,34.0535201793722
2018-12-01,"America","Canada",29666,112.832333696838,48.1319847328244
2018-01-01,"America","Canada",28913,112.832333696838,48.1319847328244
2018-02-01,"Europe","Western Europe",28615,NA,NA
2017-02-01,"Australasia & The Pacific","Australia",27826,-15.7823004694836,-30.319014084507
2017-02-01,"Europe","Western Europe",27667,NA,NA
2018-01-01,"Europe","Western Europe",27448,NA,NA
2016-12-01,"Europe","Western Europe",27291,NA,NA
2014-07-01,"Asia","China",27212,-44.1156278026906,34.0535201793722
2017-01-01,"Europe","Western Europe",26613,NA,NA
2017-03-01,"Europe","Western Europe",26599,NA,NA
2017-05-01,"Australasia & The Pacific","Australia",26447,-15.7823004694836,-30.319014084507
2014-10-01,"Asia","China",26279,-44.1156278026906,34.0535201793722
2018-05-01,"Europe","Western Europe",25716,NA,NA
2017-04-01,"Europe","Western Europe",25662,NA,NA
2016-02-01,"Europe","Western Europe",25603,NA,NA
2018-05-01,"Australasia & The Pacific","Australia",25292,-15.7823004694836,-30.319014084507
2016-02-01,"Australasia & The Pacific","Australia",25274,-15.7823004694836,-30.319014084507
2016-03-01,"Europe","Western Europe",25119,NA,NA
2017-01-01,"America","Canada",24352,112.832333696838,48.1319847328244
2016-07-01,"Asia","Taiwan",23894,-39.2136734693877,24.0868367346939
2016-12-01,"America","Canada",23861,112.832333696838,48.1319847328244
2018-04-01,"Australasia & The Pacific","Australia",23623,-15.7823004694836,-30.319014084507
2016-04-01,"Australasia & The Pacific","Australia",23553,-15.7823004694836,-30.319014084507
2016-01-01,"Europe","Western Europe",23340,NA,NA
2015-02-01,"Australasia & The Pacific","Australia",23281,-15.7823004694836,-30.319014084507
2018-07-01,"Asia","Taiwan",23151,-39.2136734693877,24.0868367346939
2014-12-01,"Europe","Western Europe",23129,NA,NA
2018-04-01,"Asia","Taiwan",22950,-39.2136734693877,24.0868367346939
2017-03-01,"Asia","Taiwan",22498,-39.2136734693877,24.0868367346939
2018-12-01,"Australasia & The Pacific","Australia",22460,-15.7823004694836,-30.319014084507
2017-05-01,"Asia","Taiwan",22429,-39.2136734693877,24.0868367346939
2016-06-01,"Asia","Taiwan",22333,-39.2136734693877,24.0868367346939
2018-09-01,"Asia","Taiwan",22152,-39.2136734693877,24.0868367346939
2018-08-01,"Europe","Western Europe",22074,NA,NA
2018-12-01,"Europe","Western Europe",21985,NA,NA
2017-01-01,"Asia","Taiwan",21926,-39.2136734693877,24.0868367346939
2018-02-01,"Asia","Taiwan",21908,-39.2136734693877,24.0868367346939
2018-12-01,"Europe","United Kingdom",21780,-161.96267027027,52.9356972972973
2016-08-01,"Asia","Taiwan",21498,-39.2136734693877,24.0868367346939
2014-04-01,"Australasia & The Pacific","Australia",21464,-15.7823004694836,-30.319014084507
2017-04-01,"Asia","Taiwan",21318,-39.2136734693877,24.0868367346939
2018-06-01,"Australasia & The Pacific","Australia",21279,-15.7823004694836,-30.319014084507
2017-10-01,"Asia","Taiwan",21241,-39.2136734693877,24.0868367346939
2016-05-01,"Australasia & The Pacific","Australia",21231,-15.7823004694836,-30.319014084507
2018-11-01,"Australasia & The Pacific","Australia",21167,-15.7823004694836,-30.319014084507
2016-01-01,"America","Canada",21108,112.832333696838,48.1319847328244
2018-08-01,"Asia","Taiwan",21004,-39.2136734693877,24.0868367346939
2016-03-01,"Europe","United Kingdom",20859,-161.96267027027,52.9356972972973
2017-04-01,"Europe","United Kingdom",20835,-161.96267027027,52.9356972972973
2018-08-01,"Australasia & The Pacific","Australia",20817,-15.7823004694836,-30.319014084507
2016-09-01,"Asia","Taiwan",20773,-39.2136734693877,24.0868367346939
2018-05-01,"Asia","ASEAN",20765,NA,NA
2014-12-01,"Asia","China",20762,-44.1156278026906,34.0535201793722
2014-02-01,"Australasia & The Pacific","Australia",20747,-15.7823004694836,-30.319014084507
2015-05-01,"Australasia & The Pacific","Australia",20674,-15.7823004694836,-30.319014084507
2015-03-01,"Europe","Western Europe",20665,NA,NA
2014-05-01,"Australasia & The Pacific","Australia",20629,-15.7823004694836,-30.319014084507
2015-02-01,"Europe","Western Europe",20563,NA,NA
2018-10-01,"Australasia & The Pacific","Australia",20551,-15.7823004694836,-30.319014084507
2017-02-01,"Asia","Taiwan",20472,-39.2136734693877,24.0868367346939
2017-07-01,"Asia","Taiwan",20451,-39.2136734693877,24.0868367346939
2018-07-01,"Asia","ASEAN",20339,NA,NA
2016-04-01,"Europe","Western Europe",20281,NA,NA
2016-11-01,"Australasia & The Pacific","Australia",20220,-15.7823004694836,-30.319014084507
2017-03-01,"Australasia & The Pacific","Australia",20157,-15.7823004694836,-30.319014084507
2017-08-01,"Asia","Taiwan",19993,-39.2136734693877,24.0868367346939
2017-08-01,"Australasia & The Pacific","Australia",19985,-15.7823004694836,-30.319014084507
2016-06-01,"Australasia & The Pacific","Australia",19886,-15.7823004694836,-30.319014084507
2017-10-01,"Australasia & The Pacific","Australia",19858,-15.7823004694836,-30.319014084507
2016-02-01,"Asia","Taiwan",19821,-39.2136734693877,24.0868367346939
2017-04-01,"America","Canada",19755,112.832333696838,48.1319847328244
2018-06-01,"Asia","ASEAN",19727,NA,NA
2018-07-01,"Australasia & The Pacific","Australia",19663,-15.7823004694836,-30.319014084507
2014-01-01,"Europe","Western Europe",19654,NA,NA
2016-12-01,"Australasia & The Pacific","Australia",19618,-15.7823004694836,-30.319014084507
2016-12-01,"Europe","United Kingdom",19590,-161.96267027027,52.9356972972973
2017-06-01,"Australasia & The Pacific","Australia",19560,-15.7823004694836,-30.319014084507
2016-04-01,"Asia","Taiwan",19554,-39.2136734693877,24.0868367346939
2016-07-01,"Europe","Western Europe",19540,NA,NA
2014-11-01,"Asia","China",19530,-44.1156278026906,34.0535201793722
2018-10-01,"Asia","Taiwan",19498,-39.2136734693877,24.0868367346939
2018-05-01,"America","Canada",19484,112.832333696838,48.1319847328244
2018-12-01,"Asia","Taiwan",19477,-39.2136734693877,24.0868367346939
2015-12-01,"Australasia & The Pacific","Australia",19448,-15.7823004694836,-30.319014084507
2018-06-01,"Europe","Western Europe",19405,NA,NA
2018-02-01,"America","Canada",19278,112.832333696838,48.1319847328244
2016-08-01,"Australasia & The Pacific","Australia",19232,-15.7823004694836,-30.319014084507
2016-11-01,"Europe","Western Europe",19231,NA,NA
2017-08-01,"Europe","Western Europe",19230,NA,NA
2018-06-01,"Asia","Taiwan",19168,-39.2136734693877,24.0868367346939
2018-04-01,"America","Canada",19148,112.832333696838,48.1319847328244
2014-02-01,"Europe","Western Europe",19028,NA,NA
2017-02-01,"America","Canada",19016,112.832333696838,48.1319847328244
2018-01-01,"Asia","Taiwan",18948,-39.2136734693877,24.0868367346939
2018-07-01,"Europe","United Kingdom",18847,-161.96267027027,52.9356972972973
2015-08-01,"Asia","Taiwan",18833,-39.2136734693877,24.0868367346939
2017-04-01,"Australasia & The Pacific","Australia",18824,-15.7823004694836,-30.319014084507
2014-12-01,"Australasia & The Pacific","Australia",18773,-15.7823004694836,-30.319014084507
2015-06-01,"Australasia & The Pacific","Australia",18750,-15.7823004694836,-30.319014084507
2018-11-01,"America","Canada",18637,112.832333696838,48.1319847328244
2018-05-01,"Asia","Taiwan",18545,-39.2136734693877,24.0868367346939
2016-03-01,"Australasia & The Pacific","Australia",18438,-15.7823004694836,-30.319014084507
2017-06-01,"Asia","Taiwan",18374,-39.2136734693877,24.0868367346939
2016-10-01,"Asia","Taiwan",18327,-39.2136734693877,24.0868367346939
2015-11-01,"Australasia & The Pacific","Australia",18265,-15.7823004694836,-30.319014084507
2018-11-01,"Europe","Western Europe",18212,NA,NA
2017-07-01,"Australasia & The Pacific","Australia",18178,-15.7823004694836,-30.319014084507
2016-05-01,"Asia","Taiwan",18136,-39.2136734693877,24.0868367346939
2015-08-01,"Australasia & The Pacific","Australia",18122,-15.7823004694836,-30.319014084507
2018-01-01,"Europe","United Kingdom",18111,-161.96267027027,52.9356972972973
2018-04-01,"Europe","United Kingdom",17913,-161.96267027027,52.9356972972973
2018-11-01,"Asia","ASEAN",17857,NA,NA
2016-07-01,"Australasia & The Pacific","Australia",17827,-15.7823004694836,-30.319014084507
2015-03-01,"Australasia & The Pacific","Australia",17625,-15.7823004694836,-30.319014084507
2015-10-01,"Australasia & The Pacific","Australia",17609,-15.7823004694836,-30.319014084507
2017-10-01,"Asia","ASEAN",17600,NA,NA
2016-10-01,"Australasia & The Pacific","Australia",17584,-15.7823004694836,-30.319014084507
2018-09-01,"Australasia & The Pacific","Australia",17578,-15.7823004694836,-30.319014084507
2015-05-01,"Europe","Western Europe",17539,NA,NA
2017-03-01,"America","Canada",17470,112.832333696838,48.1319847328244
2018-07-01,"America","Canada",17369,112.832333696838,48.1319847328244
2015-06-01,"Asia","Singapore",17363,-56.15,1.3
2017-05-01,"Europe","Western Europe",17329,NA,NA
2014-04-01,"Europe","Western Europe",17315,NA,NA
2018-12-01,"Asia","ASEAN",17298,NA,NA
2014-04-01,"Asia","Singapore",17279,-56.15,1.3
2016-10-01,"Europe","Western Europe",17267,NA,NA
2017-07-01,"Europe","United Kingdom",17254,-161.96267027027,52.9356972972973
2014-11-01,"Australasia & The Pacific","Australia",17165,-15.7823004694836,-30.319014084507
2017-09-01,"Asia","Taiwan",17112,-39.2136734693877,24.0868367346939
2014-07-01,"Asia","Singapore",16982,-56.15,1.3
2016-07-01,"Europe","United Kingdom",16980,-161.96267027027,52.9356972972973
2015-03-01,"Asia","Singapore",16942,-56.15,1.3
2014-12-01,"Asia","Singapore",16921,-56.15,1.3
2016-11-01,"Asia","Taiwan",16905,-39.2136734693877,24.0868367346939
2017-04-01,"Asia","ASEAN",16869,NA,NA
2015-08-01,"Europe","Western Europe",16848,NA,NA
2015-12-01,"Europe","Western Europe",16820,NA,NA
2018-02-01,"Asia","ASEAN",16808,NA,NA
2015-07-01,"Australasia & The Pacific","Australia",16797,-15.7823004694836,-30.319014084507
2017-05-01,"America","Canada",16794,112.832333696838,48.1319847328244
2016-03-01,"Asia","Taiwan",16758,-39.2136734693877,24.0868367346939
2015-03-01,"Europe","United Kingdom",16730,-161.96267027027,52.9356972972973
2018-08-01,"Asia","ASEAN",16705,NA,NA
2018-10-01,"Asia","ASEAN",16697,NA,NA
2014-10-01,"Australasia & The Pacific","Australia",16666,-15.7823004694836,-30.319014084507
2016-04-01,"Asia","Singapore",16592,-56.15,1.3
2018-11-01,"Asia","Taiwan",16589,-39.2136734693877,24.0868367346939
2018-09-01,"Europe","Western Europe",16571,NA,NA
2014-06-01,"Australasia & The Pacific","Australia",16553,-15.7823004694836,-30.319014084507
2016-03-01,"America","Canada",16528,112.832333696838,48.1319847328244
2014-01-01,"America","Canada",16413,112.832333696838,48.1319847328244
2015-09-01,"Asia","Taiwan",16397,-39.2136734693877,24.0868367346939
2017-03-01,"Europe","United Kingdom",16380,-161.96267027027,52.9356972972973
2016-05-01,"Europe","Western Europe",16340,NA,NA
2016-06-01,"Asia","Singapore",16324,-56.15,1.3
2018-11-01,"Europe","United Kingdom",16247,-161.96267027027,52.9356972972973
2014-07-01,"Europe","Western Europe",16178,NA,NA
2018-01-01,"Asia","South Asia",16174,NA,NA
2016-03-01,"Asia","Singapore",16065,-56.15,1.3
2015-07-01,"Asia","Taiwan",16038,-39.2136734693877,24.0868367346939
2017-09-01,"Australasia & The Pacific","Australia",16016,-15.7823004694836,-30.319014084507
2018-05-01,"Asia","Singapore",15971,-56.15,1.3
2017-05-01,"Asia","Singapore",15895,-56.15,1.3
2018-06-01,"Asia","Singapore",15874,-56.15,1.3
2015-09-01,"Australasia & The Pacific","Australia",15855,-15.7823004694836,-30.319014084507
2015-05-01,"Asia","Singapore",15816,-56.15,1.3
2016-12-01,"Asia","Taiwan",15781,-39.2136734693877,24.0868367346939
2017-01-01,"Europe","United Kingdom",15747,-161.96267027027,52.9356972972973
2018-01-01,"Asia","ASEAN",15692,NA,NA
2015-03-01,"America","Canada",15688,112.832333696838,48.1319847328244
2016-02-01,"America","Canada",15665,112.832333696838,48.1319847328244
2016-09-01,"Australasia & The Pacific","Australia",15575,-15.7823004694836,-30.319014084507
2014-08-01,"Asia","Taiwan",15574,-39.2136734693877,24.0868367346939
2014-11-01,"Europe","Western Europe",15572,NA,NA
2016-01-01,"Asia","Taiwan",15523,-39.2136734693877,24.0868367346939
2018-04-01,"Asia","Singapore",15493,-56.15,1.3
2018-10-01,"America","Canada",15477,112.832333696838,48.1319847328244
2014-06-01,"Asia","Singapore",15469,-56.15,1.3
2018-02-01,"Europe","United Kingdom",15443,-161.96267027027,52.9356972972973
2015-07-01,"Asia","Singapore",15422,-56.15,1.3
2018-08-01,"Europe","United Kingdom",15376,-161.96267027027,52.9356972972973
2018-05-01,"Europe","United Kingdom",15348,-161.96267027027,52.9356972972973
2015-11-01,"Asia","Taiwan",15337,-39.2136734693877,24.0868367346939
2018-09-01,"Asia","ASEAN",15304,NA,NA
2017-05-01,"Asia","ASEAN",15251,NA,NA
2017-02-01,"Europe","United Kingdom",15226,-161.96267027027,52.9356972972973
2015-08-01,"Europe","United Kingdom",15215,-161.96267027027,52.9356972972973
2015-02-01,"Asia","Taiwan",15198,-39.2136734693877,24.0868367346939
2017-07-01,"America","Canada",15159,112.832333696838,48.1319847328244
2017-03-01,"Asia","Singapore",15086,-56.15,1.3
2016-01-01,"Europe","United Kingdom",15072,-161.96267027027,52.9356972972973
2014-08-01,"Australasia & The Pacific","Australia",15058,-15.7823004694836,-30.319014084507
2016-11-01,"America","Canada",15035,112.832333696838,48.1319847328244
2014-07-01,"Australasia & The Pacific","Australia",15032,-15.7823004694836,-30.319014084507
2017-06-01,"Asia","Singapore",15022,-56.15,1.3
2016-04-01,"America","Canada",14987,112.832333696838,48.1319847328244
2016-02-01,"Asia","Singapore",14972,-56.15,1.3
2014-12-01,"Asia","Malaysia",14958,-56.2003067484662,3.87441717791411
2015-12-01,"Asia","Singapore",14928,-56.15,1.3
2016-12-01,"Asia","Singapore",14863,-56.15,1.3
2016-11-01,"Asia","Singapore",14849,-56.15,1.3
2016-05-01,"Asia","Singapore",14723,-56.15,1.3
2018-10-01,"Europe","United Kingdom",14714,-161.96267027027,52.9356972972973
2015-03-01,"Asia","Taiwan",14711,-39.2136734693877,24.0868367346939
2015-06-01,"Asia","Malaysia",14690,-56.2003067484662,3.87441717791411
2014-11-01,"Asia","Singapore",14653,-56.15,1.3
2015-08-01,"Asia","Singapore",14585,-56.15,1.3
2015-10-01,"Asia","Taiwan",14564,-39.2136734693877,24.0868367346939
2015-06-01,"Europe","Western Europe",14554,NA,NA
2017-09-01,"Europe","Western Europe",14527,NA,NA
2018-02-01,"Asia","East Asia",14524,NA,NA
2015-09-01,"Asia","Singapore",14515,-56.15,1.3
2014-11-01,"Asia","ASEAN",14497,NA,NA
2018-02-01,"Asia","Singapore",14490,-56.15,1.3
2016-08-01,"Europe","Western Europe",14427,NA,NA
2014-05-01,"Asia","Singapore",14424,-56.15,1.3
2015-11-01,"Europe","Western Europe",14366,NA,NA
2015-11-01,"Asia","Singapore",14366,-56.15,1.3
2014-04-01,"America","Canada",14333,112.832333696838,48.1319847328244
2015-02-01,"Asia","Singapore",14279,-56.15,1.3
2018-10-01,"Europe","Western Europe",14256,NA,NA
2017-05-01,"Europe","United Kingdom",14224,-161.96267027027,52.9356972972973
2014-09-01,"Asia","Taiwan",14217,-39.2136734693877,24.0868367346939
2016-07-01,"Asia","Singapore",14153,-56.15,1.3
2014-02-01,"Asia","Singapore",14139,-56.15,1.3
2015-10-01,"Asia","Singapore",14122,-56.15,1.3
2017-08-01,"Europe","United Kingdom",14105,-161.96267027027,52.9356972972973
2018-07-01,"Europe","Western Europe",14073,NA,NA
2016-05-01,"America","Canada",14052,112.832333696838,48.1319847328244
2015-05-01,"Europe","United Kingdom",14045,-161.96267027027,52.9356972972973
2016-08-01,"Asia","Singapore",14008,-56.15,1.3
2017-03-01,"Asia","ASEAN",13996,NA,NA
2015-05-01,"America","Canada",13990,112.832333696838,48.1319847328244
2017-09-01,"Asia","Singapore",13974,-56.15,1.3
2015-02-01,"Asia","East Asia",13964,NA,NA
2014-10-01,"Asia","Singapore",13961,-56.15,1.3
2016-04-01,"Europe","United Kingdom",13942,-161.96267027027,52.9356972972973
2018-11-01,"Asia","Singapore",13910,-56.15,1.3
2017-04-01,"Asia","Singapore",13895,-56.15,1.3
2015-03-01,"Asia","Malaysia",13892,-56.2003067484662,3.87441717791411
2017-09-01,"Asia","ASEAN",13859,NA,NA
2015-05-01,"Asia","Taiwan",13859,-39.2136734693877,24.0868367346939
2016-11-01,"Europe","United Kingdom",13797,-161.96267027027,52.9356972972973
2015-06-01,"Asia","Taiwan",13790,-39.2136734693877,24.0868367346939
2018-12-01,"Asia","Singapore",13784,-56.15,1.3
2016-06-01,"Asia","ASEAN",13770,NA,NA
2017-08-01,"Asia","ASEAN",13751,NA,NA
2014-05-01,"Europe","United Kingdom",13746,-161.96267027027,52.9356972972973
2014-05-01,"America","Canada",13732,112.832333696838,48.1319847328244
2017-08-01,"Asia","Singapore",13726,-56.15,1.3
2016-08-01,"Europe","United Kingdom",13682,-161.96267027027,52.9356972972973
2014-08-01,"Asia","Singapore",13641,-56.15,1.3
2018-01-01,"Asia","Singapore",13627,-56.15,1.3
2017-07-01,"Europe","Western Europe",13620,NA,NA
2016-04-01,"Asia","ASEAN",13616,NA,NA
2017-10-01,"Asia","Singapore",13597,-56.15,1.3
2016-02-01,"Asia","East Asia",13585,NA,NA
2017-01-01,"Asia","South Asia",13553,NA,NA
2015-12-01,"Asia","Malaysia",13544,-56.2003067484662,3.87441717791411
2018-11-01,"Asia","South Asia",13469,NA,NA
2016-07-01,"Asia","Middle East",13447,NA,NA
2018-06-01,"Asia","East Asia",13445,NA,NA
2018-10-01,"Asia","Singapore",13427,-56.15,1.3
2016-01-01,"Asia","Singapore",13404,-56.15,1.3
2015-12-01,"Asia","Taiwan",13399,-39.2136734693877,24.0868367346939
2014-01-01,"Asia","Singapore",13399,-56.15,1.3
2016-05-01,"Asia","ASEAN",13397,NA,NA
2015-09-01,"Europe","Western Europe",13380,NA,NA
2014-09-01,"Australasia & The Pacific","Australia",13378,-15.7823004694836,-30.319014084507
2017-02-01,"Asia","ASEAN",13336,NA,NA
2017-05-01,"Asia","Malaysia",13328,-56.2003067484662,3.87441717791411
2017-02-01,"Asia","Singapore",13309,-56.15,1.3
2016-05-01,"Europe","United Kingdom",13236,-161.96267027027,52.9356972972973
2018-09-01,"Asia","Malaysia",13211,-56.2003067484662,3.87441717791411
2016-09-01,"Asia","Singapore",13190,-56.15,1.3
2015-10-01,"Asia","Malaysia",13189,-56.2003067484662,3.87441717791411
2017-01-01,"Asia","ASEAN",13185,NA,NA
2018-09-01,"Asia","Singapore",13182,-56.15,1.3
2017-04-01,"Asia","East Asia",13171,NA,NA
2016-02-01,"Europe","United Kingdom",13166,-161.96267027027,52.9356972972973
2015-06-01,"America","Canada",13152,112.832333696838,48.1319847328244
2015-02-01,"America","Canada",13146,112.832333696838,48.1319847328244
2018-07-01,"Asia","Singapore",13145,-56.15,1.3
2014-04-01,"Europe","United Kingdom",13138,-161.96267027027,52.9356972972973
2017-07-01,"Asia","ASEAN",13132,NA,NA
2016-10-01,"Europe","United Kingdom",13116,-161.96267027027,52.9356972972973
2016-10-01,"America","Canada",13113,112.832333696838,48.1319847328244
2018-07-01,"Asia","South Asia",13095,NA,NA
2015-05-01,"Asia","Malaysia",13089,-56.2003067484662,3.87441717791411
2017-10-01,"America","Canada",13080,112.832333696838,48.1319847328244
2015-05-01,"Asia","East Asia",13059,NA,NA
2014-09-01,"Asia","Singapore",13049,-56.15,1.3
2015-09-01,"Asia","Malaysia",13048,-56.2003067484662,3.87441717791411
2015-03-01,"Asia","ASEAN",13038,NA,NA
2018-05-01,"Asia","South Asia",13021,NA,NA
2015-08-01,"Asia","Malaysia",12981,-56.2003067484662,3.87441717791411
2016-02-01,"Asia","Malaysia",12922,-56.2003067484662,3.87441717791411
2016-10-01,"Asia","Singapore",12914,-56.15,1.3
2017-03-01,"Asia","Malaysia",12861,-56.2003067484662,3.87441717791411
2015-07-01,"Asia","Malaysia",12851,-56.2003067484662,3.87441717791411
2018-08-01,"America","Canada",12848,112.832333696838,48.1319847328244
2017-04-01,"Asia","Malaysia",12839,-56.2003067484662,3.87441717791411
2016-03-01,"Asia","East Asia",12726,NA,NA
2017-10-01,"Europe","Western Europe",12720,NA,NA
2016-01-01,"Asia","ASEAN",12715,NA,NA
2017-10-01,"Europe","United Kingdom",12695,-161.96267027027,52.9356972972973
2016-11-01,"Asia","ASEAN",12677,NA,NA
2018-06-01,"Europe","United Kingdom",12661,-161.96267027027,52.9356972972973
2014-08-01,"Europe","United Kingdom",12655,-161.96267027027,52.9356972972973
2014-05-01,"Europe","Western Europe",12651,NA,NA
2018-11-01,"Asia","Malaysia",12649,-56.2003067484662,3.87441717791411
2018-06-01,"Asia","Malaysia",12623,-56.2003067484662,3.87441717791411
2018-08-01,"Asia","Singapore",12612,-56.15,1.3
2016-03-01,"Asia","Malaysia",12611,-56.2003067484662,3.87441717791411
2014-06-01,"Asia","ASEAN",12609,NA,NA
2015-05-01,"Asia","ASEAN",12606,NA,NA
2016-02-01,"Asia","ASEAN",12604,NA,NA
2015-06-01,"Asia","ASEAN",12589,NA,NA
2016-07-01,"America","Canada",12558,112.832333696838,48.1319847328244
2016-03-01,"Asia","ASEAN",12556,NA,NA
2017-07-01,"Asia","Singapore",12535,-56.15,1.3
2016-12-01,"Europe","Northern Europe",12498,NA,NA
2014-02-01,"Asia","ASEAN",12495,NA,NA
2014-06-01,"Asia","Malaysia",12478,-56.2003067484662,3.87441717791411
2015-11-01,"Asia","ASEAN",12466,NA,NA
2014-10-01,"Europe","Western Europe",12457,NA,NA
2014-01-01,"Asia","Taiwan",12448,-39.2136734693877,24.0868367346939
2017-10-01,"Asia","Malaysia",12435,-56.2003067484662,3.87441717791411
2014-12-01,"Europe","Northern Europe",12402,NA,NA
2018-04-01,"Asia","South Asia",12382,NA,NA
2014-07-01,"Asia","Malaysia",12376,-56.2003067484662,3.87441717791411
2014-11-01,"Asia","Taiwan",12364,-39.2136734693877,24.0868367346939
2014-12-01,"America","Canada",12359,112.832333696838,48.1319847328244
2015-09-01,"Europe","United Kingdom",12338,-161.96267027027,52.9356972972973
2017-08-01,"Asia","Malaysia",12336,-56.2003067484662,3.87441717791411
2018-02-01,"Asia","Malaysia",12322,-56.2003067484662,3.87441717791411
2015-06-01,"Europe","United Kingdom",12294,-161.96267027027,52.9356972972973
2014-01-01,"Asia","East Asia",12292,NA,NA
2016-04-01,"Asia","Malaysia",12234,-56.2003067484662,3.87441717791411
2014-02-01,"Europe","United Kingdom",12223,-161.96267027027,52.9356972972973
2015-12-01,"America","Canada",12196,112.832333696838,48.1319847328244
2018-05-01,"Asia","Malaysia",12179,-56.2003067484662,3.87441717791411
2014-02-01,"Asia","Taiwan",12167,-39.2136734693877,24.0868367346939
2015-08-01,"Asia","ASEAN",12151,NA,NA
2014-08-01,"Europe","Western Europe",12097,NA,NA
2014-02-01,"America","Canada",12093,112.832333696838,48.1319847328244
2016-05-01,"Asia","Malaysia",12076,-56.2003067484662,3.87441717791411
2017-05-01,"Asia","South Asia",12069,NA,NA
2014-04-01,"Asia","Malaysia",12059,-56.2003067484662,3.87441717791411
2015-12-01,"Asia","ASEAN",12035,NA,NA
2016-07-01,"Asia","Malaysia",12022,-56.2003067484662,3.87441717791411
2018-01-01,"Asia","Malaysia",12012,-56.2003067484662,3.87441717791411
2017-01-01,"Asia","Singapore",12000,-56.15,1.3
2016-07-01,"Asia","ASEAN",11973,NA,NA
2014-05-01,"Asia","ASEAN",11971,NA,NA
2018-06-01,"America","Canada",11965,112.832333696838,48.1319847328244
2015-11-01,"Asia","Malaysia",11936,-56.2003067484662,3.87441717791411
2015-12-01,"Europe","United Kingdom",11869,-161.96267027027,52.9356972972973
2018-06-01,"Asia","South Asia",11844,NA,NA
2016-11-01,"Asia","Malaysia",11844,-56.2003067484662,3.87441717791411
2015-02-01,"Asia","ASEAN",11803,NA,NA
2018-04-01,"Asia","Malaysia",11771,-56.2003067484662,3.87441717791411
2015-09-01,"Asia","ASEAN",11770,NA,NA
2016-06-01,"Europe","Western Europe",11739,NA,NA
2014-10-01,"Asia","Taiwan",11709,-39.2136734693877,24.0868367346939
2014-07-01,"Asia","Taiwan",11670,-39.2136734693877,24.0868367346939
2015-08-01,"Asia","East Asia",11654,NA,NA
2018-09-01,"Europe","United Kingdom",11637,-161.96267027027,52.9356972972973
2017-06-01,"Asia","Malaysia",11633,-56.2003067484662,3.87441717791411
2016-09-01,"Europe","Western Europe",11626,NA,NA
2018-12-01,"Asia","Malaysia",11618,-56.2003067484662,3.87441717791411
2017-08-01,"Asia","Middle East",11609,NA,NA
2018-08-01,"Asia","Malaysia",11578,-56.2003067484662,3.87441717791411
2014-12-01,"Asia","ASEAN",11565,NA,NA
2018-08-01,"Asia","South Asia",11543,NA,NA
2017-09-01,"Asia","Malaysia",11541,-56.2003067484662,3.87441717791411
2016-07-01,"Asia","East Asia",11510,NA,NA
2018-10-01,"Asia","Malaysia",11491,-56.2003067484662,3.87441717791411
2015-06-01,"Asia","East Asia",11489,NA,NA
2017-08-01,"Asia","South Asia",11467,NA,NA
2018-02-01,"Asia","South Asia",11449,NA,NA
2015-07-01,"Asia","ASEAN",11411,NA,NA
2016-06-01,"Asia","Malaysia",11386,-56.2003067484662,3.87441717791411
2015-02-01,"Europe","United Kingdom",11374,-161.96267027027,52.9356972972973
2018-09-01,"Asia","South Asia",11364,NA,NA
2014-06-01,"America","Canada",11358,112.832333696838,48.1319847328244
2014-08-01,"Asia","Malaysia",11353,-56.2003067484662,3.87441717791411
2018-09-01,"America","Canada",11351,112.832333696838,48.1319847328244
2014-04-01,"Asia","ASEAN",11339,NA,NA
2017-02-01,"Asia","Malaysia",11335,-56.2003067484662,3.87441717791411
2016-12-01,"Asia","ASEAN",11330,NA,NA
2015-03-01,"Asia","East Asia",11316,NA,NA
2014-04-01,"Asia","East Asia",11281,NA,NA
2015-11-01,"Asia","East Asia",11267,NA,NA
2015-08-01,"America","Canada",11250,112.832333696838,48.1319847328244
2014-11-01,"Asia","Malaysia",11240,-56.2003067484662,3.87441717791411
2017-06-01,"Europe","United Kingdom",11237,-161.96267027027,52.9356972972973
2016-11-01,"Asia","South Asia",11232,NA,NA
2014-01-01,"Asia","ASEAN",11230,NA,NA
2015-09-01,"Asia","East Asia",11214,NA,NA
2017-01-01,"Europe","Northern Europe",11208,NA,NA
2014-10-01,"Asia","ASEAN",11198,NA,NA
2015-02-01,"Asia","Malaysia",11188,-56.2003067484662,3.87441717791411
2018-05-01,"Asia","East Asia",11177,NA,NA
2015-10-01,"Asia","ASEAN",11168,NA,NA
2014-06-01,"Europe","Western Europe",11147,NA,NA
2014-07-01,"Asia","ASEAN",11136,NA,NA
2018-01-01,"Europe","Northern Europe",11127,NA,NA
2016-06-01,"Asia","East Asia",11123,NA,NA
2014-01-01,"Europe","United Kingdom",11098,-161.96267027027,52.9356972972973
2018-04-01,"Asia","East Asia",11092,NA,NA
2018-10-01,"Asia","South Asia",11088,NA,NA
2015-07-01,"Europe","Western Europe",11080,NA,NA
2014-12-01,"Asia","Taiwan",11071,-39.2136734693877,24.0868367346939
2016-01-01,"Asia","Malaysia",11068,-56.2003067484662,3.87441717791411
2017-08-01,"America","Canada",11057,112.832333696838,48.1319847328244
2016-12-01,"Asia","Malaysia",11056,-56.2003067484662,3.87441717791411
2015-11-01,"Europe","United Kingdom",11054,-161.96267027027,52.9356972972973
2015-11-01,"America","Canada",11051,112.832333696838,48.1319847328244
2016-07-01,"Asia","South Asia",11046,NA,NA
2014-02-01,"Asia","Malaysia",11044,-56.2003067484662,3.87441717791411
2017-04-01,"Asia","South Asia",11040,NA,NA
2018-07-01,"Asia","Malaysia",11036,-56.2003067484662,3.87441717791411
2016-08-01,"Asia","Middle East",11030,NA,NA
2015-10-01,"Asia","East Asia",11016,NA,NA
2017-09-01,"Europe","United Kingdom",10860,-161.96267027027,52.9356972972973
2017-06-01,"America","Canada",10856,112.832333696838,48.1319847328244
2016-10-01,"Asia","ASEAN",10842,NA,NA
2014-12-01,"Asia","East Asia",10838,NA,NA
2015-10-01,"Europe","Western Europe",10838,NA,NA
2016-08-01,"Asia","Malaysia",10810,-56.2003067484662,3.87441717791411
2017-01-01,"Asia","East Asia",10766,NA,NA
2014-08-01,"Asia","ASEAN",10755,NA,NA
2017-07-01,"Asia","South Asia",10741,NA,NA
2014-04-01,"Asia","Taiwan",10700,-39.2136734693877,24.0868367346939
2017-09-01,"America","Canada",10686,112.832333696838,48.1319847328244
2016-01-01,"Asia","South Asia",10684,NA,NA
2017-07-01,"Asia","Malaysia",10632,-56.2003067484662,3.87441717791411
2016-09-01,"Asia","ASEAN",10623,NA,NA
2015-08-01,"Asia","Middle East",10611,NA,NA
2016-06-01,"Europe","United Kingdom",10598,-161.96267027027,52.9356972972973
2016-10-01,"Asia","Malaysia",10571,-56.2003067484662,3.87441717791411
2014-09-01,"Asia","Malaysia",10552,-56.2003067484662,3.87441717791411
2017-02-01,"Europe","Northern Europe",10549,NA,NA
2014-08-01,"America","Canada",10548,112.832333696838,48.1319847328244
2016-01-01,"Europe","Northern Europe",10542,NA,NA
2016-09-01,"Asia","Malaysia",10533,-56.2003067484662,3.87441717791411
2017-08-01,"Asia","East Asia",10479,NA,NA
2014-10-01,"Asia","Malaysia",10466,-56.2003067484662,3.87441717791411
2014-09-01,"Asia","ASEAN",10428,NA,NA
2014-06-01,"Asia","Taiwan",10418,-39.2136734693877,24.0868367346939
2016-08-01,"Asia","ASEAN",10405,NA,NA
2014-11-01,"America","Canada",10365,112.832333696838,48.1319847328244
2018-07-01,"Asia","East Asia",10349,NA,NA
2014-11-01,"Asia","East Asia",10345,NA,NA
2014-09-01,"Europe","Western Europe",10330,NA,NA
2014-07-01,"Asia","East Asia",10323,NA,NA
2017-05-01,"Asia","East Asia",10228,NA,NA
2014-02-01,"Asia","East Asia",10223,NA,NA
2017-01-01,"Asia","Malaysia",10215,-56.2003067484662,3.87441717791411
2014-10-01,"Asia","East Asia",10200,NA,NA
2014-05-01,"Asia","Malaysia",10142,-56.2003067484662,3.87441717791411
2016-08-01,"America","Canada",10104,112.832333696838,48.1319847328244
2014-06-01,"Europe","United Kingdom",10100,-161.96267027027,52.9356972972973
2018-08-01,"Asia","Middle East",10093,NA,NA
2018-01-01,"Asia","East Asia",10080,NA,NA
2017-09-01,"Asia","Middle East",10072,NA,NA
2016-05-01,"Asia","East Asia",10056,NA,NA
2017-10-01,"Asia","East Asia",9986,NA,NA
2017-10-01,"Asia","South Asia",9948,NA,NA
2016-08-01,"Asia","East Asia",9906,NA,NA
2016-04-01,"Asia","East Asia",9896,NA,NA
2014-05-01,"Asia","Taiwan",9810,-39.2136734693877,24.0868367346939
2016-10-01,"Asia","East Asia",9806,NA,NA
2016-12-01,"Asia","East Asia",9801,NA,NA
2014-12-01,"Europe","United Kingdom",9798,-161.96267027027,52.9356972972973
2017-09-01,"Asia","South Asia",9772,NA,NA
2018-02-01,"Europe","Northern Europe",9750,NA,NA
2017-03-01,"Asia","South Asia",9749,NA,NA
2017-09-01,"Asia","East Asia",9706,NA,NA
2014-09-01,"Asia","East Asia",9675,NA,NA
2015-07-01,"Europe","United Kingdom",9614,-161.96267027027,52.9356972972973
2014-08-01,"Asia","Middle East",9578,NA,NA
2016-09-01,"America","Canada",9548,112.832333696838,48.1319847328244
2016-06-01,"Asia","South Asia",9461,NA,NA
2014-08-01,"Asia","East Asia",9417,NA,NA
2018-09-01,"Europe","Southern Europe",9410,NA,NA
2015-07-01,"Asia","East Asia",9378,NA,NA
2016-02-01,"Europe","Northern Europe",9375,NA,NA
2014-09-01,"Europe","United Kingdom",9358,-161.96267027027,52.9356972972973
2016-03-01,"Europe","Northern Europe",9343,NA,NA
2018-10-01,"Asia","East Asia",9321,NA,NA
2018-07-01,"Asia","Middle East",9315,NA,NA
2016-09-01,"Europe","United Kingdom",9261,-161.96267027027,52.9356972972973
2016-04-01,"Asia","South Asia",9255,NA,NA
2016-09-01,"Asia","East Asia",9221,NA,NA
2015-12-01,"Asia","East Asia",9201,NA,NA
2017-02-01,"Asia","South Asia",9132,NA,NA
2016-11-01,"Asia","East Asia",9113,NA,NA
2016-06-01,"America","Canada",9072,112.832333696838,48.1319847328244
2015-06-01,"Asia","South Asia",9065,NA,NA
2014-11-01,"Europe","United Kingdom",9029,-161.96267027027,52.9356972972973
2017-07-01,"Asia","East Asia",9004,NA,NA
2014-05-01,"Asia","East Asia",8971,NA,NA
2016-05-01,"Asia","South Asia",8943,NA,NA
2015-12-01,"Asia","South Asia",8940,NA,NA
2018-01-01,"Europe","Southern Europe",8936,NA,NA
2015-09-01,"America","Canada",8890,112.832333696838,48.1319847328244
2017-02-01,"Asia","East Asia",8875,NA,NA
2016-03-01,"Asia","South Asia",8869,NA,NA
2016-12-01,"Asia","South Asia",8854,NA,NA
2016-01-01,"Asia","East Asia",8832,NA,NA
2015-10-01,"Europe","United Kingdom",8783,-161.96267027027,52.9356972972973
2016-10-01,"Asia","South Asia",8759,NA,NA
2018-08-01,"Europe","Northern Europe",8750,NA,NA
2014-01-01,"Asia","Malaysia",8697,-56.2003067484662,3.87441717791411
2014-11-01,"Asia","South Asia",8682,NA,NA
2014-06-01,"Asia","East Asia",8672,NA,NA
2017-04-01,"Europe","Northern Europe",8548,NA,NA
2015-09-01,"Asia","Middle East",8524,NA,NA
2018-07-01,"Europe","Northern Europe",8453,NA,NA
2017-03-01,"Asia","East Asia",8448,NA,NA
2016-09-01,"Asia","Middle East",8381,NA,NA
2015-10-01,"Asia","Middle East",8363,NA,NA
2014-01-01,"Europe","Northern Europe",8349,NA,NA
2016-09-01,"Asia","South Asia",8330,NA,NA
2015-11-01,"Asia","South Asia",8315,NA,NA
2014-07-01,"Europe","United Kingdom",8288,-161.96267027027,52.9356972972973
2018-12-01,"Europe","Southern Europe",8262,NA,NA
2015-07-01,"America","Canada",8255,112.832333696838,48.1319847328244
2016-07-01,"Europe","Northern Europe",8249,NA,NA
2017-03-01,"Europe","Northern Europe",8218,NA,NA
2017-08-01,"Europe","Northern Europe",8200,NA,NA
2016-08-01,"Asia","South Asia",8169,NA,NA
2015-03-01,"Asia","South Asia",8129,NA,NA
2018-08-01,"Asia","East Asia",8100,NA,NA
2017-04-01,"Asia","Middle East",8085,NA,NA
2017-07-01,"Europe","Northern Europe",8080,NA,NA
2015-02-01,"Europe","Northern Europe",8070,NA,NA
2018-08-01,"Europe","Southern Europe",8007,NA,NA
2018-09-01,"Asia","East Asia",7955,NA,NA
2015-03-01,"Europe","Northern Europe",7954,NA,NA
2014-10-01,"Europe","United Kingdom",7864,-161.96267027027,52.9356972972973
2018-01-01,"Europe","Eastern Europe",7849,NA,NA
2015-05-01,"Asia","South Asia",7824,NA,NA
2017-01-01,"Asia","Middle East",7802,NA,NA
2016-11-01,"Asia","Middle East",7783,NA,NA
2018-01-01,"Asia","Middle East",7772,NA,NA
2014-07-01,"America","Canada",7748,112.832333696838,48.1319847328244
2018-11-01,"Asia","East Asia",7718,NA,NA
2016-12-01,"Europe","Southern Europe",7669,NA,NA
2017-01-01,"Europe","Eastern Europe",7664,NA,NA
2016-04-01,"Asia","Middle East",7641,NA,NA
2017-01-01,"Europe","Southern Europe",7640,NA,NA
2015-07-01,"Asia","South Asia",7631,NA,NA
2016-02-01,"Asia","South Asia",7565,NA,NA
2015-10-01,"America","Canada",7559,112.832333696838,48.1319847328244
2014-02-01,"Europe","Northern Europe",7555,NA,NA
2016-03-01,"Asia","Middle East",7535,NA,NA
2017-03-01,"Asia","Middle East",7526,NA,NA
2017-08-01,"Australasia & The Pacific","Australasia & The Pacific",7522,NA,NA
2015-03-01,"Asia","Middle East",7461,NA,NA
2018-02-01,"Others & Unspecified","Others & Unspecified",7446,NA,NA
2018-07-01,"Australasia & The Pacific","Australasia & The Pacific",7443,NA,NA
2015-09-01,"Asia","South Asia",7439,NA,NA
2018-12-01,"Others & Unspecified","Others & Unspecified",7423,NA,NA
2014-09-01,"America","Canada",7419,112.832333696838,48.1319847328244
2018-09-01,"Asia","Middle East",7408,NA,NA
2015-10-01,"Asia","South Asia",7386,NA,NA
2014-10-01,"America","Canada",7382,112.832333696838,48.1319847328244
2016-06-01,"Europe","Northern Europe",7372,NA,NA
2016-08-01,"Australasia & The Pacific","Australasia & The Pacific",7338,NA,NA
2014-06-01,"Asia","South Asia",7323,NA,NA
2016-05-01,"Asia","Middle East",7308,NA,NA
2017-04-01,"Europe","Southern Europe",7283,NA,NA
2018-02-01,"Australasia & The Pacific","Australasia & The Pacific",7265,NA,NA
2017-10-01,"Asia","Middle East",7260,NA,NA
2016-07-01,"Australasia & The Pacific","Australasia & The Pacific",7228,NA,NA
2017-02-01,"Europe","Eastern Europe",7139,NA,NA
2017-09-01,"Europe","Southern Europe",7134,NA,NA
2015-08-01,"Asia","South Asia",7125,NA,NA
2015-07-01,"Europe","Northern Europe",7116,NA,NA
2014-09-01,"Asia","Middle East",7098,NA,NA
2018-04-01,"Others & Unspecified","Others & Unspecified",7058,NA,NA
2017-03-01,"Others & Unspecified","Others & Unspecified",7056,NA,NA
2018-02-01,"Europe","Southern Europe",7054,NA,NA
2014-01-01,"Europe","Eastern Europe",7043,NA,NA
2014-01-01,"Asia","South Asia",6959,NA,NA
2014-06-01,"Europe","Northern Europe",6956,NA,NA
2018-08-01,"Australasia & The Pacific","Australasia & The Pacific",6920,NA,NA
2016-01-01,"Asia","Middle East",6919,NA,NA
2016-11-01,"Europe","Northern Europe",6916,NA,NA
2016-01-01,"Europe","Eastern Europe",6908,NA,NA
2017-07-01,"Australasia & The Pacific","Australasia & The Pacific",6896,NA,NA
2014-05-01,"Asia","South Asia",6843,NA,NA
2014-04-01,"Asia","South Asia",6836,NA,NA
2018-11-01,"Europe","Southern Europe",6836,NA,NA
2015-06-01,"Asia","Middle East",6739,NA,NA
2015-08-01,"Europe","Northern Europe",6736,NA,NA
2014-10-01,"Asia","Middle East",6719,NA,NA
2014-06-01,"Asia","Middle East",6718,NA,NA
2016-08-01,"Europe","Southern Europe",6696,NA,NA
2018-05-01,"Europe","Northern Europe",6687,NA,NA
2015-02-01,"Asia","South Asia",6686,NA,NA
2018-05-01,"Europe","Southern Europe",6680,NA,NA
2016-02-01,"Others & Unspecified","Others & Unspecified",6679,NA,NA
2017-07-01,"Asia","Middle East",6647,NA,NA
2017-02-01,"Europe","Southern Europe",6626,NA,NA
2018-02-01,"Asia","Middle East",6577,NA,NA
2017-02-01,"Asia","Middle East",6573,NA,NA
2017-03-01,"Europe","Eastern Europe",6553,NA,NA
2018-06-01,"Australasia & The Pacific","Australasia & The Pacific",6549,NA,NA
2014-07-01,"Australasia & The Pacific","Australasia & The Pacific",6526,NA,NA
2017-02-01,"Others & Unspecified","Others & Unspecified",6523,NA,NA
2015-05-01,"Asia","Middle East",6473,NA,NA
2014-12-01,"Asia","South Asia",6439,NA,NA
2017-05-01,"Australasia & The Pacific","Australasia & The Pacific",6390,NA,NA
2017-08-01,"Europe","Southern Europe",6369,NA,NA
2018-05-01,"Asia","Middle East",6344,NA,NA
2015-11-01,"Asia","Middle East",6331,NA,NA
2016-06-01,"Australasia & The Pacific","Australasia & The Pacific",6323,NA,NA
2014-01-01,"Asia","Middle East",6319,NA,NA
2015-07-01,"Australasia & The Pacific","Australasia & The Pacific",6318,NA,NA
2018-04-01,"Australasia & The Pacific","Australasia & The Pacific",6287,NA,NA
2017-03-01,"Europe","Southern Europe",6279,NA,NA
2016-11-01,"Europe","Southern Europe",6265,NA,NA
2016-10-01,"Asia","Middle East",6243,NA,NA
2018-05-01,"Australasia & The Pacific","Australasia & The Pacific",6230,NA,NA
2016-11-01,"Europe","Eastern Europe",6220,NA,NA
2018-02-01,"Europe","Eastern Europe",6212,NA,NA
2017-02-01,"Australasia & The Pacific","Australasia & The Pacific",6204,NA,NA
2014-09-01,"Asia","South Asia",6181,NA,NA
2014-07-01,"Europe","Northern Europe",6179,NA,NA
2015-08-01,"Australasia & The Pacific","Australasia & The Pacific",6169,NA,NA
2014-05-01,"Asia","Middle East",6150,NA,NA
2016-01-01,"Europe","Southern Europe",6139,NA,NA
2014-07-01,"Asia","South Asia",6130,NA,NA
2014-10-01,"Asia","South Asia",6125,NA,NA
2018-12-01,"Europe","Northern Europe",6118,NA,NA
2015-02-01,"Asia","Middle East",6115,NA,NA
2016-02-01,"Asia","Middle East",6100,NA,NA
2016-03-01,"Others & Unspecified","Others & Unspecified",6044,NA,NA
2018-06-01,"Europe","Northern Europe",6044,NA,NA
2018-11-01,"Europe","Northern Europe",6027,NA,NA
2017-05-01,"Asia","Middle East",6018,NA,NA
2014-11-01,"Asia","Middle East",5935,NA,NA
2014-08-01,"Asia","South Asia",5932,NA,NA
2014-12-01,"Europe","Eastern Europe",5927,NA,NA
2018-05-01,"Others & Unspecified","Others & Unspecified",5925,NA,NA
2017-04-01,"Others & Unspecified","Others & Unspecified",5914,NA,NA
2016-07-01,"Europe","Southern Europe",5913,NA,NA
2015-12-01,"Asia","Middle East",5826,NA,NA
2018-12-01,"Asia","Middle East",5824,NA,NA
2014-04-01,"Europe","Northern Europe",5816,NA,NA
2014-04-01,"Asia","Middle East",5799,NA,NA
2018-11-01,"Asia","Middle East",5781,NA,NA
2016-04-01,"Europe","Northern Europe",5772,NA,NA
2017-06-01,"Australasia & The Pacific","Australasia & The Pacific",5758,NA,NA
2014-07-01,"Asia","Middle East",5756,NA,NA
2018-12-01,"Australasia & The Pacific","Australasia & The Pacific",5747,NA,NA
2016-12-01,"Europe","Eastern Europe",5713,NA,NA
2016-05-01,"Australasia & The Pacific","Australasia & The Pacific",5675,NA,NA
2017-10-01,"Australasia & The Pacific","Australasia & The Pacific",5667,NA,NA
2016-10-01,"Europe","Northern Europe",5661,NA,NA
2015-12-01,"Europe","Northern Europe",5657,NA,NA
2016-04-01,"Others & Unspecified","Others & Unspecified",5651,NA,NA
2014-08-01,"Australasia & The Pacific","Australasia & The Pacific",5632,NA,NA
2016-12-01,"Australasia & The Pacific","Australasia & The Pacific",5587,NA,NA
2017-05-01,"Europe","Northern Europe",5575,NA,NA
2016-02-01,"Europe","Eastern Europe",5493,NA,NA
2015-05-01,"Europe","Northern Europe",5474,NA,NA
2015-09-01,"Europe","Southern Europe",5454,NA,NA
2015-12-01,"Europe","Eastern Europe",5434,NA,NA
2014-11-01,"Europe","Northern Europe",5417,NA,NA
2016-02-01,"Europe","Southern Europe",5415,NA,NA
2016-12-01,"Others & Unspecified","Others & Unspecified",5409,NA,NA
2018-10-01,"Europe","Southern Europe",5404,NA,NA
2014-12-01,"Australasia & The Pacific","Australasia & The Pacific",5384,NA,NA
2018-11-01,"Australasia & The Pacific","Australasia & The Pacific",5384,NA,NA
2018-08-01,"Others & Unspecified","Others & Unspecified",5375,NA,NA
2016-04-01,"Australasia & The Pacific","Australasia & The Pacific",5367,NA,NA
2017-05-01,"Others & Unspecified","Others & Unspecified",5365,NA,NA
2016-03-01,"Europe","Southern Europe",5356,NA,NA
2018-10-01,"Asia","Middle East",5347,NA,NA
2014-02-01,"Asia","Middle East",5305,NA,NA
2018-11-01,"Others & Unspecified","Others & Unspecified",5301,NA,NA
2015-06-01,"Australasia & The Pacific","Australasia & The Pacific",5278,NA,NA
2014-12-01,"Europe","Southern Europe",5243,NA,NA
2018-06-01,"Europe","Southern Europe",5237,NA,NA
2016-09-01,"Australasia & The Pacific","Australasia & The Pacific",5214,NA,NA
2017-09-01,"Australasia & The Pacific","Australasia & The Pacific",5202,NA,NA
2016-12-01,"Asia","Middle East",5187,NA,NA
2014-04-01,"Australasia & The Pacific","Australasia & The Pacific",5157,NA,NA
2014-02-01,"Australasia & The Pacific","Australasia & The Pacific",5155,NA,NA
2014-02-01,"Europe","Eastern Europe",5120,NA,NA
2016-10-01,"Australasia & The Pacific","Australasia & The Pacific",5113,NA,NA
2016-11-01,"Australasia & The Pacific","Australasia & The Pacific",5112,NA,NA
2016-05-01,"Others & Unspecified","Others & Unspecified",5098,NA,NA
2018-07-01,"Europe","Southern Europe",5076,NA,NA
2016-02-01,"Australasia & The Pacific","Australasia & The Pacific",5066,NA,NA
2016-05-01,"Europe","Northern Europe",5063,NA,NA
2014-06-01,"Australasia & The Pacific","Australasia & The Pacific",5037,NA,NA
2014-05-01,"Australasia & The Pacific","Australasia & The Pacific",5013,NA,NA
2014-12-01,"Asia","Middle East",5004,NA,NA
2018-06-01,"Asia","Middle East",4987,NA,NA
2017-04-01,"Australasia & The Pacific","Australasia & The Pacific",4984,NA,NA
2014-11-01,"Europe","Eastern Europe",4920,NA,NA
2015-11-01,"Europe","Northern Europe",4919,NA,NA
2018-12-01,"Europe","Eastern Europe",4913,NA,NA
2015-02-01,"Others & Unspecified","Others & Unspecified",4870,NA,NA
2018-06-01,"Others & Unspecified","Others & Unspecified",4862,NA,NA
2015-06-01,"Europe","Northern Europe",4860,NA,NA
2016-10-01,"Europe","Southern Europe",4853,NA,NA
2017-03-01,"Australasia & The Pacific","Australasia & The Pacific",4829,NA,NA
2018-10-01,"Europe","Northern Europe",4829,NA,NA
2018-10-01,"Australasia & The Pacific","Australasia & The Pacific",4795,NA,NA
2014-10-01,"Europe","Northern Europe",4767,NA,NA
2014-02-01,"Asia","South Asia",4757,NA,NA
2017-05-01,"Europe","Southern Europe",4744,NA,NA
2018-07-01,"Others & Unspecified","Others & Unspecified",4740,NA,NA
2015-07-01,"Asia","Middle East",4732,NA,NA
2018-09-01,"Australasia & The Pacific","Australasia & The Pacific",4726,NA,NA
2015-12-01,"Australasia & The Pacific","Australasia & The Pacific",4722,NA,NA
2018-09-01,"Europe","Northern Europe",4689,NA,NA
2015-11-01,"Australasia & The Pacific","Australasia & The Pacific",4681,NA,NA
2018-05-01,"Europe","Eastern Europe",4652,NA,NA
2015-02-01,"Australasia & The Pacific","Australasia & The Pacific",4646,NA,NA
2017-06-01,"Others & Unspecified","Others & Unspecified",4605,NA,NA
2014-02-01,"Others & Unspecified","Others & Unspecified",4600,NA,NA
2015-03-01,"Others & Unspecified","Others & Unspecified",4599,NA,NA
2014-11-01,"Australasia & The Pacific","Australasia & The Pacific",4594,NA,NA
2017-04-01,"Europe","Eastern Europe",4554,NA,NA
2016-04-01,"Europe","Southern Europe",4533,NA,NA
2015-12-01,"Others & Unspecified","Others & Unspecified",4523,NA,NA
2017-10-01,"Europe","Northern Europe",4471,NA,NA
2015-05-01,"Australasia & The Pacific","Australasia & The Pacific",4464,NA,NA
2018-09-01,"Others & Unspecified","Others & Unspecified",4448,NA,NA
2015-03-01,"Europe","Southern Europe",4447,NA,NA
2015-09-01,"Australasia & The Pacific","Australasia & The Pacific",4430,NA,NA
2014-05-01,"Europe","Northern Europe",4409,NA,NA
2017-09-01,"Europe","Northern Europe",4393,NA,NA
2015-02-01,"Europe","Southern Europe",4377,NA,NA
2015-12-01,"Europe","Southern Europe",4377,NA,NA
2014-09-01,"Australasia & The Pacific","Australasia & The Pacific",4372,NA,NA
2015-10-01,"Australasia & The Pacific","Australasia & The Pacific",4363,NA,NA
2014-01-01,"Europe","Southern Europe",4319,NA,NA
2015-02-01,"Europe","Eastern Europe",4315,NA,NA
2017-07-01,"Europe","Southern Europe",4304,NA,NA
2018-10-01,"Others & Unspecified","Others & Unspecified",4288,NA,NA
2017-10-01,"Europe","Southern Europe",4279,NA,NA
2016-08-01,"Others & Unspecified","Others & Unspecified",4269,NA,NA
2014-12-01,"Others & Unspecified","Others & Unspecified",4254,NA,NA
2016-03-01,"Australasia & The Pacific","Australasia & The Pacific",4250,NA,NA
2016-07-01,"Others & Unspecified","Others & Unspecified",4151,NA,NA
2015-05-01,"Others & Unspecified","Others & Unspecified",4128,NA,NA
2016-06-01,"Others & Unspecified","Others & Unspecified",4126,NA,NA
2015-08-01,"Europe","Southern Europe",4123,NA,NA
2014-10-01,"Australasia & The Pacific","Australasia & The Pacific",4095,NA,NA
2016-10-01,"Europe","Eastern Europe",4072,NA,NA
2017-08-01,"Others & Unspecified","Others & Unspecified",4072,NA,NA
2014-04-01,"Others & Unspecified","Others & Unspecified",4058,NA,NA
2014-08-01,"Europe","Southern Europe",4047,NA,NA
2016-03-01,"Europe","Eastern Europe",4016,NA,NA
2016-11-01,"Others & Unspecified","Others & Unspecified",3999,NA,NA
2016-08-01,"Europe","Northern Europe",3942,NA,NA
2015-03-01,"Australasia & The Pacific","Australasia & The Pacific",3927,NA,NA
2016-06-01,"Asia","Middle East",3927,NA,NA
2017-10-01,"Others & Unspecified","Others & Unspecified",3862,NA,NA
2016-09-01,"Europe","Northern Europe",3859,NA,NA
2018-11-01,"Europe","Eastern Europe",3836,NA,NA
2014-11-01,"Europe","Southern Europe",3828,NA,NA
2017-09-01,"Others & Unspecified","Others & Unspecified",3828,NA,NA
2015-05-01,"Europe","Southern Europe",3819,NA,NA
2015-10-01,"Europe","Northern Europe",3804,NA,NA
2018-01-01,"Europe","Eastern Mediterranean Europe",3756,NA,NA
2015-11-01,"Others & Unspecified","Others & Unspecified",3726,NA,NA
2016-05-01,"Europe","Southern Europe",3722,NA,NA
2017-07-01,"Others & Unspecified","Others & Unspecified",3715,NA,NA
2015-08-01,"Others & Unspecified","Others & Unspecified",3710,NA,NA
2015-03-01,"Europe","Eastern Europe",3624,NA,NA
2015-09-01,"Others & Unspecified","Others & Unspecified",3589,NA,NA
2014-09-01,"Europe","Northern Europe",3566,NA,NA
2014-05-01,"Others & Unspecified","Others & Unspecified",3565,NA,NA
2016-06-01,"Europe","Southern Europe",3553,NA,NA
2015-11-01,"Europe","Eastern Europe",3547,NA,NA
2014-07-01,"Europe","Southern Europe",3542,NA,NA
2015-11-01,"Europe","Southern Europe",3523,NA,NA
2015-07-01,"Others & Unspecified","Others & Unspecified",3513,NA,NA
2016-04-01,"Europe","Eastern Europe",3501,NA,NA
2015-06-01,"Others & Unspecified","Others & Unspecified",3496,NA,NA
2015-09-01,"Europe","Northern Europe",3456,NA,NA
2014-02-01,"Europe","Southern Europe",3455,NA,NA
2014-10-01,"Europe","Eastern Europe",3431,NA,NA
2016-09-01,"Others & Unspecified","Others & Unspecified",3424,NA,NA
2014-11-01,"Others & Unspecified","Others & Unspecified",3411,NA,NA
2016-09-01,"Europe","Southern Europe",3410,NA,NA
2016-10-01,"Others & Unspecified","Others & Unspecified",3379,NA,NA
2015-10-01,"Others & Unspecified","Others & Unspecified",3350,NA,NA
2014-04-01,"Europe","Southern Europe",3330,NA,NA
2014-08-01,"Europe","Northern Europe",3248,NA,NA
2015-06-01,"Europe","Southern Europe",3246,NA,NA
2014-08-01,"Others & Unspecified","Others & Unspecified",3137,NA,NA
2014-06-01,"Others & Unspecified","Others & Unspecified",3113,NA,NA
2014-04-01,"Europe","Eastern Europe",3099,NA,NA
2017-05-01,"Europe","Eastern Europe",3099,NA,NA
2018-06-01,"Europe","Eastern Europe",3095,NA,NA
2015-07-01,"Europe","Southern Europe",3093,NA,NA
2015-05-01,"Europe","Eastern Europe",3091,NA,NA
2014-07-01,"Others & Unspecified","Others & Unspecified",3074,NA,NA
2014-10-01,"Europe","Southern Europe",3061,NA,NA
2018-02-01,"Europe","Eastern Mediterranean Europe",2976,NA,NA
2017-01-01,"Europe","Eastern Mediterranean Europe",2974,NA,NA
2014-09-01,"Others & Unspecified","Others & Unspecified",2896,NA,NA
2017-10-01,"Europe","Eastern Europe",2895,NA,NA
2014-06-01,"Europe","Southern Europe",2880,NA,NA
2014-05-01,"Europe","Southern Europe",2863,NA,NA
2016-05-01,"Europe","Eastern Europe",2825,NA,NA
2018-10-01,"Europe","Eastern Europe",2820,NA,NA
2014-10-01,"Others & Unspecified","Others & Unspecified",2816,NA,NA
2015-10-01,"Europe","Southern Europe",2763,NA,NA
2017-02-01,"Europe","Eastern Mediterranean Europe",2717,NA,NA
2016-02-01,"Europe","Eastern Mediterranean Europe",2672,NA,NA
2016-10-01,"Europe","Eastern Mediterranean Europe",2656,NA,NA
2017-07-01,"Europe","Eastern Europe",2649,NA,NA
2017-04-01,"Europe","Eastern Mediterranean Europe",2616,NA,NA
2014-09-01,"Europe","Southern Europe",2587,NA,NA
2016-01-01,"Europe","Eastern Mediterranean Europe",2574,NA,NA
2017-03-01,"Europe","Eastern Mediterranean Europe",2571,NA,NA
2017-09-01,"Europe","Eastern Europe",2558,NA,NA
2017-08-01,"Europe","Eastern Europe",2546,NA,NA
2018-09-01,"Europe","Eastern Europe",2486,NA,NA
2018-08-01,"Europe","Eastern Europe",2485,NA,NA
2014-05-01,"Europe","Eastern Europe",2462,NA,NA
2015-06-01,"Europe","Eastern Europe",2446,NA,NA
2018-10-01,"Europe","Eastern Mediterranean Europe",2439,NA,NA
2018-05-01,"Europe","Eastern Mediterranean Europe",2421,NA,NA
2015-10-01,"Europe","Eastern Europe",2410,NA,NA
2018-12-01,"Europe","Eastern Mediterranean Europe",2362,NA,NA
2016-03-01,"Europe","Eastern Mediterranean Europe",2333,NA,NA
2015-09-01,"Europe","Eastern Europe",2281,NA,NA
2016-04-01,"Europe","Eastern Mediterranean Europe",2281,NA,NA
2016-09-01,"Europe","Eastern Europe",2273,NA,NA
2018-07-01,"Europe","Eastern Europe",2230,NA,NA
2016-09-01,"Europe","Eastern Mediterranean Europe",2226,NA,NA
2016-07-01,"Europe","Eastern Europe",2192,NA,NA
2016-08-01,"Europe","Eastern Europe",2175,NA,NA
2014-09-01,"Europe","Eastern Europe",2121,NA,NA
2015-08-01,"Europe","Eastern Europe",2108,NA,NA
2014-07-01,"Europe","Eastern Europe",2090,NA,NA
2016-12-01,"Europe","Eastern Mediterranean Europe",2088,NA,NA
2018-08-01,"Europe","Eastern Mediterranean Europe",2071,NA,NA
2016-06-01,"Europe","Eastern Europe",2057,NA,NA
2015-07-01,"Europe","Eastern Europe",2051,NA,NA
2017-09-01,"Europe","Eastern Mediterranean Europe",2050,NA,NA
2017-10-01,"Europe","Eastern Mediterranean Europe",2046,NA,NA
2018-04-01,"Asia","ASEAN",2042,NA,NA
2014-08-01,"Europe","Eastern Europe",2027,NA,NA
2016-11-01,"Europe","Eastern Mediterranean Europe",1960,NA,NA
2018-11-01,"Europe","Eastern Mediterranean Europe",1921,NA,NA
2014-06-01,"Europe","Eastern Europe",1916,NA,NA
2018-06-01,"Europe","Eastern Mediterranean Europe",1867,NA,NA
2018-09-01,"Europe","Eastern Mediterranean Europe",1828,NA,NA
2017-06-01,"Asia","ASEAN",1817,NA,NA
2017-05-01,"Europe","Eastern Mediterranean Europe",1779,NA,NA
2015-02-01,"Europe","Eastern Mediterranean Europe",1765,NA,NA
2018-04-01,"Asia","Middle East",1762,NA,NA
2015-10-01,"Europe","Eastern Mediterranean Europe",1722,NA,NA
2017-08-01,"Europe","Eastern Mediterranean Europe",1698,NA,NA
2015-05-01,"Europe","Eastern Mediterranean Europe",1667,NA,NA
2017-07-01,"Europe","Eastern Mediterranean Europe",1652,NA,NA
2016-05-01,"Europe","Eastern Mediterranean Europe",1647,NA,NA
2018-01-01,"America","South America",1633,NA,NA
2015-03-01,"Europe","Eastern Mediterranean Europe",1627,NA,NA
2016-07-01,"Europe","Eastern Mediterranean Europe",1612,NA,NA
2017-01-01,"America","South America",1549,NA,NA
2017-06-01,"Asia","South Asia",1537,NA,NA
2017-06-01,"Asia","Middle East",1504,NA,NA
2018-02-01,"America","South America",1476,NA,NA
2018-04-01,"America","South America",1447,NA,NA
2014-11-01,"Europe","Eastern Mediterranean Europe",1436,NA,NA
2016-08-01,"Europe","Eastern Mediterranean Europe",1417,NA,NA
2015-12-01,"Europe","Eastern Mediterranean Europe",1395,NA,NA
2018-07-01,"Europe","Eastern Mediterranean Europe",1391,NA,NA
2018-12-01,"Asia","South Asia",1322,NA,NA
2017-06-01,"Europe","Eastern Mediterranean Europe",1313,NA,NA
2015-11-01,"Europe","Eastern Mediterranean Europe",1271,NA,NA
2014-12-01,"Europe","Eastern Mediterranean Europe",1259,NA,NA
2017-04-01,"America","South America",1246,NA,NA
2014-02-01,"Europe","Eastern Mediterranean Europe",1243,NA,NA
2014-10-01,"Europe","Eastern Mediterranean Europe",1228,NA,NA
2015-09-01,"Europe","Eastern Mediterranean Europe",1226,NA,NA
2015-08-01,"Europe","Eastern Mediterranean Europe",1203,NA,NA
2018-11-01,"America","South America",1180,NA,NA
2017-03-01,"America","South America",1169,NA,NA
2017-02-01,"America","South America",1159,NA,NA
2015-06-01,"Europe","Eastern Mediterranean Europe",1157,NA,NA
2014-01-01,"Europe","Eastern Mediterranean Europe",1153,NA,NA
2016-06-01,"Europe","Eastern Mediterranean Europe",1143,NA,NA
2017-06-01,"Europe","Eastern Europe",1141,NA,NA
2014-09-01,"Europe","Eastern Mediterranean Europe",1131,NA,NA
2017-05-01,"America","South America",1115,NA,NA
2018-05-01,"America","South America",1103,NA,NA
2014-04-01,"Europe","Eastern Mediterranean Europe",1091,NA,NA
2015-07-01,"Europe","Eastern Mediterranean Europe",1043,NA,NA
2016-01-01,"America","South America",1032,NA,NA
2018-10-01,"America","South America",1001,NA,NA
2018-09-01,"America","South America",987,NA,NA
2018-08-01,"America","South America",956,NA,NA
2016-12-01,"America","South America",941,NA,NA
2018-07-01,"America","South America",933,NA,NA
2016-11-01,"America","South America",925,NA,NA
2016-02-01,"America","South America",905,NA,NA
2018-02-01,"Africa","Africa",874,NA,NA
2014-05-01,"Europe","Eastern Mediterranean Europe",869,NA,NA
2018-04-01,"Africa","Africa",862,NA,NA
2016-03-01,"America","South America",859,NA,NA
2018-04-01,"Europe","Eastern Europe",857,NA,NA
2014-07-01,"Europe","Eastern Mediterranean Europe",855,NA,NA
2014-06-01,"Europe","Eastern Mediterranean Europe",838,NA,NA
2018-06-01,"Africa","Africa",825,NA,NA
2017-10-01,"America","South America",811,NA,NA
2018-07-01,"Africa","Africa",809,NA,NA
2016-10-01,"America","South America",801,NA,NA
2017-06-01,"Europe","Western Europe",800,NA,NA
2018-05-01,"Africa","Africa",796,NA,NA
2014-08-01,"Europe","Eastern Mediterranean Europe",795,NA,NA
2014-02-01,"Africa","Africa",785,NA,NA
2018-04-01,"Europe","Southern Europe",775,NA,NA
2017-05-01,"Africa","Africa",764,NA,NA
2018-12-01,"Asia","East Asia",764,NA,NA
2018-06-01,"America","South America",758,NA,NA
2015-03-01,"America","South America",755,NA,NA
2017-02-01,"Africa","Africa",742,NA,NA
2015-05-01,"America","South America",730,NA,NA
2018-12-01,"Africa","Africa",728,NA,NA
2018-04-01,"Europe","Eastern Mediterranean Europe",720,NA,NA
2016-04-01,"America","South America",716,NA,NA
2017-08-01,"Africa","Africa",716,NA,NA
2018-11-01,"Africa","Africa",714,NA,NA
2018-08-01,"Africa","Africa",707,NA,NA
2017-08-01,"America","South America",688,NA,NA
2017-06-01,"America","South America",682,NA,NA
2016-05-01,"America","South America",673,NA,NA
2015-02-01,"America","South America",670,NA,NA
2016-04-01,"Africa","Africa",664,NA,NA
2017-09-01,"America","South America",657,NA,NA
2014-01-01,"America","South America",648,NA,NA
2017-06-01,"Asia","East Asia",640,NA,NA
2018-10-01,"Africa","Africa",636,NA,NA
2016-06-01,"America","South America",635,NA,NA
2014-12-01,"America","South America",632,NA,NA
2016-09-01,"America","South America",631,NA,NA
2017-07-01,"America","South America",631,NA,NA
2015-12-01,"America","South America",618,NA,NA
2017-09-01,"Africa","Africa",615,NA,NA
2017-10-01,"Africa","Africa",610,NA,NA
2014-11-01,"America","South America",600,NA,NA
2016-02-01,"Africa","Africa",598,NA,NA
2018-12-01,"America","South America",575,NA,NA
2017-06-01,"Africa","Africa",573,NA,NA
2016-08-01,"Africa","Africa",570,NA,NA
2017-04-01,"Africa","Africa",568,NA,NA
2016-05-01,"Africa","Africa",565,NA,NA
2018-09-01,"Africa","Africa",557,NA,NA
2015-06-01,"America","South America",555,NA,NA
2016-07-01,"America","South America",552,NA,NA
2016-06-01,"Africa","Africa",548,NA,NA
2017-07-01,"Africa","Africa",542,NA,NA
2015-10-01,"America","South America",541,NA,NA
2018-04-01,"Europe","Northern Europe",532,NA,NA
2017-06-01,"Europe","Northern Europe",531,NA,NA
2015-12-01,"Africa","Africa",528,NA,NA
2016-07-01,"Africa","Africa",526,NA,NA
2015-07-01,"America","South America",524,NA,NA
2015-11-01,"America","South America",524,NA,NA
2015-08-01,"Africa","Africa",523,NA,NA
2017-03-01,"Africa","Africa",523,NA,NA
2015-09-01,"America","South America",517,NA,NA
2016-08-01,"America","South America",502,NA,NA
2015-05-01,"Africa","Africa",501,NA,NA
2016-09-01,"Africa","Africa",500,NA,NA
2014-10-01,"America","South America",492,NA,NA
2016-12-01,"Africa","Africa",492,NA,NA
2015-08-01,"America","South America",488,NA,NA
2015-11-01,"Africa","Africa",480,NA,NA
2015-06-01,"Africa","Africa",472,NA,NA
2014-02-01,"America","South America",471,NA,NA
2016-11-01,"Africa","Africa",462,NA,NA
2014-05-01,"America","South America",454,NA,NA
2016-10-01,"Africa","Africa",453,NA,NA
2014-04-01,"Africa","Africa",449,NA,NA
2015-07-01,"Africa","Africa",448,NA,NA
2014-08-01,"America","South America",443,NA,NA
2016-03-01,"Africa","Africa",440,NA,NA
2015-03-01,"Africa","Africa",438,NA,NA
2015-02-01,"Africa","Africa",431,NA,NA
2018-11-01,"America","North America",431,NA,NA
2014-04-01,"America","South America",430,NA,NA
2014-09-01,"America","South America",429,NA,NA
2017-10-01,"America","North America",414,NA,NA
2014-05-01,"Africa","Africa",407,NA,NA
2017-06-01,"Europe","Southern Europe",407,NA,NA
2014-07-01,"Africa","Africa",401,NA,NA
2015-09-01,"Africa","Africa",401,NA,NA
2018-07-01,"America","North America",400,NA,NA
2014-12-01,"Africa","Africa",391,NA,NA
2014-06-01,"America","South America",388,NA,NA
2018-05-01,"America","North America",380,NA,NA
2014-07-01,"America","South America",376,NA,NA
2015-10-01,"Africa","Africa",376,NA,NA
2014-06-01,"Africa","Africa",372,NA,NA
2014-11-01,"Africa","Africa",371,NA,NA
2014-08-01,"Africa","Africa",367,NA,NA
2017-01-01,"America","North America",366,NA,NA
2018-09-01,"America","North America",363,NA,NA
2017-04-01,"America","North America",362,NA,NA
2018-10-01,"America","North America",362,NA,NA
2014-09-01,"Africa","Africa",360,NA,NA
2018-08-01,"America","North America",360,NA,NA
2018-04-01,"America","North America",359,NA,NA
2017-09-01,"America","North America",354,NA,NA
2015-08-01,"America","North America",338,NA,NA
2017-07-01,"America","North America",333,NA,NA
2018-01-01,"America","North America",318,NA,NA
2017-05-01,"America","North America",315,NA,NA
2014-10-01,"Africa","Africa",310,NA,NA
2017-02-01,"America","North America",309,NA,NA
2018-06-01,"America","North America",309,NA,NA
2016-11-01,"America","North America",304,NA,NA
2018-12-01,"America","North America",302,NA,NA
2017-06-01,"America","North America",298,NA,NA
2014-07-01,"America","North America",293,NA,NA
2015-12-01,"America","North America",293,NA,NA
2015-09-01,"America","North America",290,NA,NA
2016-01-01,"America","North America",285,NA,NA
2016-07-01,"America","North America",279,NA,NA
2014-10-01,"America","North America",270,NA,NA
2017-08-01,"America","North America",270,NA,NA
2017-03-01,"America","North America",268,NA,NA
2015-03-01,"America","North America",267,NA,NA
2015-07-01,"America","North America",264,NA,NA
2018-02-01,"America","North America",261,NA,NA
2016-04-01,"America","North America",249,NA,NA
2015-05-01,"America","North America",243,NA,NA
2014-11-01,"America","North America",242,NA,NA
2015-10-01,"America","North America",241,NA,NA
2014-01-01,"America","North America",236,NA,NA
2015-02-01,"America","North America",235,NA,NA
2016-09-01,"America","North America",235,NA,NA
2016-06-01,"America","North America",233,NA,NA
2016-10-01,"America","North America",233,NA,NA
2015-11-01,"America","North America",230,NA,NA
2014-09-01,"America","North America",228,NA,NA
2016-05-01,"America","North America",227,NA,NA
2014-06-01,"America","North America",225,NA,NA
2016-02-01,"America","North America",223,NA,NA
2014-08-01,"America","North America",222,NA,NA
2015-06-01,"America","North America",222,NA,NA
2016-12-01,"America","North America",221,NA,NA
2014-04-01,"America","North America",218,NA,NA
2016-08-01,"America","North America",218,NA,NA
2016-03-01,"America","North America",217,NA,NA
2014-05-01,"America","North America",189,NA,NA
2014-12-01,"America","North America",175,NA,NA
2014-02-01,"America","North America",154,NA,NA
2018-04-01,"Europe","Western Europe",125,NA,NA
2014-01-01,"Africa","Africa",0,NA,NA
2014-01-01,"Australasia & The Pacific","Australasia & The Pacific",0,NA,NA
2014-01-01,"Others & Unspecified","Others & Unspecified",0,NA,NA
2016-01-01,"Africa","Africa",0,NA,NA
2016-01-01,"Australasia & The Pacific","Australasia & The Pacific",0,NA,NA
2016-01-01,"Others & Unspecified","Others & Unspecified",0,NA,NA
2017-01-01,"Africa","Africa",0,NA,NA
2017-01-01,"Australasia & The Pacific","Australasia & The Pacific",0,NA,NA
2017-01-01,"Others & Unspecified","Others & Unspecified",0,NA,NA
2018-01-01,"Africa","Africa",0,NA,NA
2018-01-01,"Australasia & The Pacific","Australasia & The Pacific",0,NA,NA
2018-01-01,"Others & Unspecified","Others & Unspecified",0,NA,NA
2014-01-01,"Australasia & The Pacific","Australia",0,-15.7823004694836,-30.319014084507
2016-01-01,"Australasia & The Pacific","Australia",0,-15.7823004694836,-30.319014084507
2017-01-01,"Australasia & The Pacific","Australia",0,-15.7823004694836,-30.319014084507
2018-01-01,"Australasia & The Pacific","Australia",0,-15.7823004694836,-30.319014084507
