"country","date","region","subregion","passenger_count","ctry_cntr_long","ctry_cntr_lat"
"Korea",2014-01-01,"Asia","East Asia",118308,-32.3073484848485,36.3019696969697
"Korea",2014-02-01,"Asia","East Asia",102523,-32.3073484848485,36.3019696969697
"Korea",2014-04-01,"Asia","East Asia",79408,-32.3073484848485,36.3019696969697
"Korea",2014-05-01,"Asia","East Asia",73984,-32.3073484848485,36.3019696969697
"Korea",2014-06-01,"Asia","East Asia",79054,-32.3073484848485,36.3019696969697
"Korea",2014-07-01,"Asia","East Asia",94694,-32.3073484848485,36.3019696969697
"Korea",2014-08-01,"Asia","East Asia",114257,-32.3073484848485,36.3019696969697
"Korea",2014-09-01,"Asia","East Asia",121624,-32.3073484848485,36.3019696969697
"Korea",2014-10-01,"Asia","East Asia",82098,-32.3073484848485,36.3019696969697
"Korea",2014-11-01,"Asia","East Asia",92339,-32.3073484848485,36.3019696969697
"Korea",2014-12-01,"Asia","East Asia",100243,-32.3073484848485,36.3019696969697
"Korea",2015-02-01,"Asia","East Asia",121218,-32.3073484848485,36.3019696969697
"Korea",2015-03-01,"Asia","East Asia",93099,-32.3073484848485,36.3019696969697
"Korea",2015-05-01,"Asia","East Asia",90465,-32.3073484848485,36.3019696969697
"Korea",2015-06-01,"Asia","East Asia",94086,-32.3073484848485,36.3019696969697
"Korea",2015-07-01,"Asia","East Asia",96954,-32.3073484848485,36.3019696969697
"Korea",2015-08-01,"Asia","East Asia",119292,-32.3073484848485,36.3019696969697
"Korea",2015-09-01,"Asia","East Asia",139472,-32.3073484848485,36.3019696969697
"Korea",2015-10-01,"Asia","East Asia",95386,-32.3073484848485,36.3019696969697
"Korea",2015-11-01,"Asia","East Asia",102057,-32.3073484848485,36.3019696969697
"Korea",2015-12-01,"Asia","East Asia",105330,-32.3073484848485,36.3019696969697
"Korea",2016-01-01,"Asia","East Asia",147165,-32.3073484848485,36.3019696969697
"Korea",2016-02-01,"Asia","East Asia",137598,-32.3073484848485,36.3019696969697
"Korea",2016-03-01,"Asia","East Asia",98781,-32.3073484848485,36.3019696969697
"Korea",2016-04-01,"Asia","East Asia",98052,-32.3073484848485,36.3019696969697
"Korea",2016-05-01,"Asia","East Asia",94736,-32.3073484848485,36.3019696969697
"Korea",2016-06-01,"Asia","East Asia",109786,-32.3073484848485,36.3019696969697
"Korea",2016-07-01,"Asia","East Asia",142793,-32.3073484848485,36.3019696969697
"Korea",2016-08-01,"Asia","East Asia",147588,-32.3073484848485,36.3019696969697
"Korea",2016-09-01,"Asia","East Asia",115147,-32.3073484848485,36.3019696969697
"Korea",2016-10-01,"Asia","East Asia",112508,-32.3073484848485,36.3019696969697
"Korea",2016-11-01,"Asia","East Asia",127547,-32.3073484848485,36.3019696969697
"Korea",2016-12-01,"Asia","East Asia",143380,-32.3073484848485,36.3019696969697
"Korea",2017-01-01,"Asia","East Asia",154367,-32.3073484848485,36.3019696969697
"Korea",2017-02-01,"Asia","East Asia",150685,-32.3073484848485,36.3019696969697
"Korea",2017-03-01,"Asia","East Asia",135813,-32.3073484848485,36.3019696969697
"Korea",2017-04-01,"Asia","East Asia",117074,-32.3073484848485,36.3019696969697
"Korea",2017-05-01,"Asia","East Asia",128691,-32.3073484848485,36.3019696969697
"Korea",2017-06-01,"Asia","East Asia",108455,-32.3073484848485,36.3019696969697
"Korea",2017-07-01,"Asia","East Asia",132135,-32.3073484848485,36.3019696969697
"Korea",2017-08-01,"Asia","East Asia",141869,-32.3073484848485,36.3019696969697
"Korea",2017-09-01,"Asia","East Asia",123834,-32.3073484848485,36.3019696969697
"Korea",2017-10-01,"Asia","East Asia",139218,-32.3073484848485,36.3019696969697
"Korea",2018-01-01,"Asia","East Asia",198145,-32.3073484848485,36.3019696969697
"Korea",2018-02-01,"Asia","East Asia",156555,-32.3073484848485,36.3019696969697
"Korea",2018-04-01,"Asia","East Asia",122387,-32.3073484848485,36.3019696969697
"Korea",2018-05-01,"Asia","East Asia",114973,-32.3073484848485,36.3019696969697
"Korea",2018-06-01,"Asia","East Asia",113488,-32.3073484848485,36.3019696969697
"Korea",2018-07-01,"Asia","East Asia",111640,-32.3073484848485,36.3019696969697
"Korea",2018-08-01,"Asia","East Asia",127190,-32.3073484848485,36.3019696969697
"Korea",2018-09-01,"Asia","East Asia",129734,-32.3073484848485,36.3019696969697
"Korea",2018-10-01,"Asia","East Asia",125236,-32.3073484848485,36.3019696969697
"Korea",2018-11-01,"Asia","East Asia",122390,-32.3073484848485,36.3019696969697
"Korea",2018-12-01,"Asia","East Asia",127935,-32.3073484848485,36.3019696969697
"USA",2014-01-01,"America","North America",71042,104.870802407222,37.4450351053159
"USA",2014-02-01,"America","North America",60936,104.870802407222,37.4450351053159
"USA",2014-04-01,"America","North America",67487,104.870802407222,37.4450351053159
"USA",2014-05-01,"America","North America",67507,104.870802407222,37.4450351053159
"USA",2014-06-01,"America","North America",60730,104.870802407222,37.4450351053159
"USA",2014-07-01,"America","North America",61730,104.870802407222,37.4450351053159
"USA",2014-08-01,"America","North America",60361,104.870802407222,37.4450351053159
"USA",2014-09-01,"America","North America",43545,104.870802407222,37.4450351053159
"USA",2014-10-01,"America","North America",43047,104.870802407222,37.4450351053159
"USA",2014-11-01,"America","North America",55819,104.870802407222,37.4450351053159
"USA",2014-12-01,"America","North America",54955,104.870802407222,37.4450351053159
"USA",2015-02-01,"America","North America",65330,104.870802407222,37.4450351053159
"USA",2015-03-01,"America","North America",71831,104.870802407222,37.4450351053159
"USA",2015-05-01,"America","North America",69520,104.870802407222,37.4450351053159
"USA",2015-06-01,"America","North America",67199,104.870802407222,37.4450351053159
"USA",2015-07-01,"America","North America",65173,104.870802407222,37.4450351053159
"USA",2015-08-01,"America","North America",65218,104.870802407222,37.4450351053159
"USA",2015-09-01,"America","North America",50050,104.870802407222,37.4450351053159
"USA",2015-10-01,"America","North America",46291,104.870802407222,37.4450351053159
"USA",2015-11-01,"America","North America",59150,104.870802407222,37.4450351053159
"USA",2015-12-01,"America","North America",55451,104.870802407222,37.4450351053159
"USA",2016-01-01,"America","North America",84506,104.870802407222,37.4450351053159
"USA",2016-02-01,"America","North America",71290,104.870802407222,37.4450351053159
"USA",2016-03-01,"America","North America",75437,104.870802407222,37.4450351053159
"USA",2016-04-01,"America","North America",72718,104.870802407222,37.4450351053159
"USA",2016-05-01,"America","North America",73644,104.870802407222,37.4450351053159
"USA",2016-06-01,"America","North America",76575,104.870802407222,37.4450351053159
"USA",2016-07-01,"America","North America",74899,104.870802407222,37.4450351053159
"USA",2016-08-01,"America","North America",55080,104.870802407222,37.4450351053159
"USA",2016-09-01,"America","North America",51866,104.870802407222,37.4450351053159
"USA",2016-10-01,"America","North America",67994,104.870802407222,37.4450351053159
"USA",2016-11-01,"America","North America",67840,104.870802407222,37.4450351053159
"USA",2016-12-01,"America","North America",97614,104.870802407222,37.4450351053159
"USA",2017-01-01,"America","North America",99435,104.870802407222,37.4450351053159
"USA",2017-02-01,"America","North America",80463,104.870802407222,37.4450351053159
"USA",2017-03-01,"America","North America",78199,104.870802407222,37.4450351053159
"USA",2017-04-01,"America","North America",87614,104.870802407222,37.4450351053159
"USA",2017-05-01,"America","North America",83056,104.870802407222,37.4450351053159
"USA",2017-06-01,"America","North America",84676,104.870802407222,37.4450351053159
"USA",2017-07-01,"America","North America",86017,104.870802407222,37.4450351053159
"USA",2017-08-01,"America","North America",61415,104.870802407222,37.4450351053159
"USA",2017-09-01,"America","North America",56827,104.870802407222,37.4450351053159
"USA",2017-10-01,"America","North America",67567,104.870802407222,37.4450351053159
"USA",2018-01-01,"America","North America",109154,104.870802407222,37.4450351053159
"USA",2018-02-01,"America","North America",84835,104.870802407222,37.4450351053159
"USA",2018-04-01,"America","North America",85573,104.870802407222,37.4450351053159
"USA",2018-05-01,"America","North America",92754,104.870802407222,37.4450351053159
"USA",2018-06-01,"America","North America",94567,104.870802407222,37.4450351053159
"USA",2018-07-01,"America","North America",91684,104.870802407222,37.4450351053159
"USA",2018-08-01,"America","North America",65567,104.870802407222,37.4450351053159
"USA",2018-09-01,"America","North America",59600,104.870802407222,37.4450351053159
"USA",2018-10-01,"America","North America",76090,104.870802407222,37.4450351053159
"USA",2018-11-01,"America","North America",79089,104.870802407222,37.4450351053159
"USA",2018-12-01,"America","North America",104597,104.870802407222,37.4450351053159
"China",2014-01-01,"Asia","East Asia",49538,-44.1156278026906,34.0535201793722
"China",2014-02-01,"Asia","East Asia",49479,-44.1156278026906,34.0535201793722
"China",2014-04-01,"Asia","East Asia",37714,-44.1156278026906,34.0535201793722
"China",2014-05-01,"Asia","East Asia",31424,-44.1156278026906,34.0535201793722
"China",2014-06-01,"Asia","East Asia",30796,-44.1156278026906,34.0535201793722
"China",2014-07-01,"Asia","East Asia",27212,-44.1156278026906,34.0535201793722
"China",2014-08-01,"Asia","East Asia",41865,-44.1156278026906,34.0535201793722
"China",2014-09-01,"Asia","East Asia",40365,-44.1156278026906,34.0535201793722
"China",2014-10-01,"Asia","East Asia",26279,-44.1156278026906,34.0535201793722
"China",2014-11-01,"Asia","East Asia",19530,-44.1156278026906,34.0535201793722
"China",2014-12-01,"Asia","East Asia",20762,-44.1156278026906,34.0535201793722
"China",2015-02-01,"Asia","East Asia",41812,-44.1156278026906,34.0535201793722
"China",2015-03-01,"Asia","East Asia",30067,-44.1156278026906,34.0535201793722
"China",2015-05-01,"Asia","East Asia",33250,-44.1156278026906,34.0535201793722
"China",2015-06-01,"Asia","East Asia",31537,-44.1156278026906,34.0535201793722
"China",2015-07-01,"Asia","East Asia",32495,-44.1156278026906,34.0535201793722
"China",2015-08-01,"Asia","East Asia",66689,-44.1156278026906,34.0535201793722
"China",2015-09-01,"Asia","East Asia",65403,-44.1156278026906,34.0535201793722
"China",2015-10-01,"Asia","East Asia",51378,-44.1156278026906,34.0535201793722
"China",2015-11-01,"Asia","East Asia",42073,-44.1156278026906,34.0535201793722
"China",2015-12-01,"Asia","East Asia",37329,-44.1156278026906,34.0535201793722
"China",2016-01-01,"Asia","East Asia",48708,-44.1156278026906,34.0535201793722
"China",2016-02-01,"Asia","East Asia",82208,-44.1156278026906,34.0535201793722
"China",2016-03-01,"Asia","East Asia",53596,-44.1156278026906,34.0535201793722
"China",2016-04-01,"Asia","East Asia",54011,-44.1156278026906,34.0535201793722
"China",2016-05-01,"Asia","East Asia",46825,-44.1156278026906,34.0535201793722
"China",2016-06-01,"Asia","East Asia",55610,-44.1156278026906,34.0535201793722
"China",2016-07-01,"Asia","East Asia",81843,-44.1156278026906,34.0535201793722
"China",2016-08-01,"Asia","East Asia",61766,-44.1156278026906,34.0535201793722
"China",2016-09-01,"Asia","East Asia",53015,-44.1156278026906,34.0535201793722
"China",2016-10-01,"Asia","East Asia",44542,-44.1156278026906,34.0535201793722
"China",2016-11-01,"Asia","East Asia",48203,-44.1156278026906,34.0535201793722
"China",2016-12-01,"Asia","East Asia",45336,-44.1156278026906,34.0535201793722
"China",2017-01-01,"Asia","East Asia",85948,-44.1156278026906,34.0535201793722
"China",2017-02-01,"Asia","East Asia",78251,-44.1156278026906,34.0535201793722
"China",2017-03-01,"Asia","East Asia",76155,-44.1156278026906,34.0535201793722
"China",2017-04-01,"Asia","East Asia",74893,-44.1156278026906,34.0535201793722
"China",2017-05-01,"Asia","East Asia",73649,-44.1156278026906,34.0535201793722
"China",2017-06-01,"Asia","East Asia",66066,-44.1156278026906,34.0535201793722
"China",2017-07-01,"Asia","East Asia",90763,-44.1156278026906,34.0535201793722
"China",2017-08-01,"Asia","East Asia",95687,-44.1156278026906,34.0535201793722
"China",2017-09-01,"Asia","East Asia",79463,-44.1156278026906,34.0535201793722
"China",2017-10-01,"Asia","East Asia",89932,-44.1156278026906,34.0535201793722
"China",2018-01-01,"Asia","East Asia",111344,-44.1156278026906,34.0535201793722
"China",2018-02-01,"Asia","East Asia",146536,-44.1156278026906,34.0535201793722
"China",2018-04-01,"Asia","East Asia",114549,-44.1156278026906,34.0535201793722
"China",2018-05-01,"Asia","East Asia",109789,-44.1156278026906,34.0535201793722
"China",2018-06-01,"Asia","East Asia",78071,-44.1156278026906,34.0535201793722
"China",2018-07-01,"Asia","East Asia",85800,-44.1156278026906,34.0535201793722
"China",2018-08-01,"Asia","East Asia",119990,-44.1156278026906,34.0535201793722
"China",2018-09-01,"Asia","East Asia",106789,-44.1156278026906,34.0535201793722
"China",2018-10-01,"Asia","East Asia",102374,-44.1156278026906,34.0535201793722
"China",2018-11-01,"Asia","East Asia",87243,-44.1156278026906,34.0535201793722
"China",2018-12-01,"Asia","East Asia",97513,-44.1156278026906,34.0535201793722
"Japan",2014-01-01,"Asia","East Asia",35160,-23.1284684684684,35.605975975976
"Japan",2014-02-01,"Asia","East Asia",40223,-23.1284684684684,35.605975975976
"Japan",2014-04-01,"Asia","East Asia",44568,-23.1284684684684,35.605975975976
"Japan",2014-05-01,"Asia","East Asia",35496,-23.1284684684684,35.605975975976
"Japan",2014-06-01,"Asia","East Asia",33494,-23.1284684684684,35.605975975976
"Japan",2014-07-01,"Asia","East Asia",31425,-23.1284684684684,35.605975975976
"Japan",2014-08-01,"Asia","East Asia",38720,-23.1284684684684,35.605975975976
"Japan",2014-09-01,"Asia","East Asia",51815,-23.1284684684684,35.605975975976
"Japan",2014-10-01,"Asia","East Asia",38199,-23.1284684684684,35.605975975976
"Japan",2014-11-01,"Asia","East Asia",33533,-23.1284684684684,35.605975975976
"Japan",2014-12-01,"Asia","East Asia",36847,-23.1284684684684,35.605975975976
"Japan",2015-02-01,"Asia","East Asia",45299,-23.1284684684684,35.605975975976
"Japan",2015-03-01,"Asia","East Asia",46885,-23.1284684684684,35.605975975976
"Japan",2015-05-01,"Asia","East Asia",37228,-23.1284684684684,35.605975975976
"Japan",2015-06-01,"Asia","East Asia",37102,-23.1284684684684,35.605975975976
"Japan",2015-07-01,"Asia","East Asia",32560,-23.1284684684684,35.605975975976
"Japan",2015-08-01,"Asia","East Asia",41620,-23.1284684684684,35.605975975976
"Japan",2015-09-01,"Asia","East Asia",55997,-23.1284684684684,35.605975975976
"Japan",2015-10-01,"Asia","East Asia",45934,-23.1284684684684,35.605975975976
"Japan",2015-11-01,"Asia","East Asia",36332,-23.1284684684684,35.605975975976
"Japan",2015-12-01,"Asia","East Asia",35612,-23.1284684684684,35.605975975976
"Japan",2016-01-01,"Asia","East Asia",41691,-23.1284684684684,35.605975975976
"Japan",2016-02-01,"Asia","East Asia",50840,-23.1284684684684,35.605975975976
"Japan",2016-03-01,"Asia","East Asia",51093,-23.1284684684684,35.605975975976
"Japan",2016-04-01,"Asia","East Asia",39996,-23.1284684684684,35.605975975976
"Japan",2016-05-01,"Asia","East Asia",39422,-23.1284684684684,35.605975975976
"Japan",2016-06-01,"Asia","East Asia",37614,-23.1284684684684,35.605975975976
"Japan",2016-07-01,"Asia","East Asia",44434,-23.1284684684684,35.605975975976
"Japan",2016-08-01,"Asia","East Asia",62054,-23.1284684684684,35.605975975976
"Japan",2016-09-01,"Asia","East Asia",43525,-23.1284684684684,35.605975975976
"Japan",2016-10-01,"Asia","East Asia",38086,-23.1284684684684,35.605975975976
"Japan",2016-11-01,"Asia","East Asia",42506,-23.1284684684684,35.605975975976
"Japan",2016-12-01,"Asia","East Asia",43977,-23.1284684684684,35.605975975976
"Japan",2017-01-01,"Asia","East Asia",51516,-23.1284684684684,35.605975975976
"Japan",2017-02-01,"Asia","East Asia",53957,-23.1284684684684,35.605975975976
"Japan",2017-03-01,"Asia","East Asia",60778,-23.1284684684684,35.605975975976
"Japan",2017-04-01,"Asia","East Asia",44872,-23.1284684684684,35.605975975976
"Japan",2017-05-01,"Asia","East Asia",44696,-23.1284684684684,35.605975975976
"Japan",2017-06-01,"Asia","East Asia",38261,-23.1284684684684,35.605975975976
"Japan",2017-07-01,"Asia","East Asia",47377,-23.1284684684684,35.605975975976
"Japan",2017-08-01,"Asia","East Asia",64114,-23.1284684684684,35.605975975976
"Japan",2017-09-01,"Asia","East Asia",46553,-23.1284684684684,35.605975975976
"Japan",2017-10-01,"Asia","East Asia",38733,-23.1284684684684,35.605975975976
"Japan",2018-01-01,"Asia","East Asia",57038,-23.1284684684684,35.605975975976
"Japan",2018-02-01,"Asia","East Asia",60262,-23.1284684684684,35.605975975976
"Japan",2018-04-01,"Asia","East Asia",49021,-23.1284684684684,35.605975975976
"Japan",2018-05-01,"Asia","East Asia",45744,-23.1284684684684,35.605975975976
"Japan",2018-06-01,"Asia","East Asia",40119,-23.1284684684684,35.605975975976
"Japan",2018-07-01,"Asia","East Asia",50591,-23.1284684684684,35.605975975976
"Japan",2018-08-01,"Asia","East Asia",65136,-23.1284684684684,35.605975975976
"Japan",2018-09-01,"Asia","East Asia",53342,-23.1284684684684,35.605975975976
"Japan",2018-10-01,"Asia","East Asia",45108,-23.1284684684684,35.605975975976
"Japan",2018-11-01,"Asia","East Asia",47776,-23.1284684684684,35.605975975976
"Japan",2018-12-01,"Asia","East Asia",53806,-23.1284684684684,35.605975975976
"Australia",2014-01-01,"Australasia & The Pacific","Australasia & The Pacific",0,-15.7823004694836,-30.319014084507
"Australia",2014-02-01,"Australasia & The Pacific","Australasia & The Pacific",20747,-15.7823004694836,-30.319014084507
"Australia",2014-04-01,"Australasia & The Pacific","Australasia & The Pacific",21464,-15.7823004694836,-30.319014084507
"Australia",2014-05-01,"Australasia & The Pacific","Australasia & The Pacific",20629,-15.7823004694836,-30.319014084507
"Australia",2014-06-01,"Australasia & The Pacific","Australasia & The Pacific",16553,-15.7823004694836,-30.319014084507
"Australia",2014-07-01,"Australasia & The Pacific","Australasia & The Pacific",15032,-15.7823004694836,-30.319014084507
"Australia",2014-08-01,"Australasia & The Pacific","Australasia & The Pacific",15058,-15.7823004694836,-30.319014084507
"Australia",2014-09-01,"Australasia & The Pacific","Australasia & The Pacific",13378,-15.7823004694836,-30.319014084507
"Australia",2014-10-01,"Australasia & The Pacific","Australasia & The Pacific",16666,-15.7823004694836,-30.319014084507
"Australia",2014-11-01,"Australasia & The Pacific","Australasia & The Pacific",17165,-15.7823004694836,-30.319014084507
"Australia",2014-12-01,"Australasia & The Pacific","Australasia & The Pacific",18773,-15.7823004694836,-30.319014084507
"Australia",2015-02-01,"Australasia & The Pacific","Australasia & The Pacific",23281,-15.7823004694836,-30.319014084507
"Australia",2015-03-01,"Australasia & The Pacific","Australasia & The Pacific",17625,-15.7823004694836,-30.319014084507
"Australia",2015-05-01,"Australasia & The Pacific","Australasia & The Pacific",20674,-15.7823004694836,-30.319014084507
"Australia",2015-06-01,"Australasia & The Pacific","Australasia & The Pacific",18750,-15.7823004694836,-30.319014084507
"Australia",2015-07-01,"Australasia & The Pacific","Australasia & The Pacific",16797,-15.7823004694836,-30.319014084507
"Australia",2015-08-01,"Australasia & The Pacific","Australasia & The Pacific",18122,-15.7823004694836,-30.319014084507
"Australia",2015-09-01,"Australasia & The Pacific","Australasia & The Pacific",15855,-15.7823004694836,-30.319014084507
"Australia",2015-10-01,"Australasia & The Pacific","Australasia & The Pacific",17609,-15.7823004694836,-30.319014084507
"Australia",2015-11-01,"Australasia & The Pacific","Australasia & The Pacific",18265,-15.7823004694836,-30.319014084507
"Australia",2015-12-01,"Australasia & The Pacific","Australasia & The Pacific",19448,-15.7823004694836,-30.319014084507
"Australia",2016-01-01,"Australasia & The Pacific","Australasia & The Pacific",0,-15.7823004694836,-30.319014084507
"Australia",2016-02-01,"Australasia & The Pacific","Australasia & The Pacific",25274,-15.7823004694836,-30.319014084507
"Australia",2016-03-01,"Australasia & The Pacific","Australasia & The Pacific",18438,-15.7823004694836,-30.319014084507
"Australia",2016-04-01,"Australasia & The Pacific","Australasia & The Pacific",23553,-15.7823004694836,-30.319014084507
"Australia",2016-05-01,"Australasia & The Pacific","Australasia & The Pacific",21231,-15.7823004694836,-30.319014084507
"Australia",2016-06-01,"Australasia & The Pacific","Australasia & The Pacific",19886,-15.7823004694836,-30.319014084507
"Australia",2016-07-01,"Australasia & The Pacific","Australasia & The Pacific",17827,-15.7823004694836,-30.319014084507
"Australia",2016-08-01,"Australasia & The Pacific","Australasia & The Pacific",19232,-15.7823004694836,-30.319014084507
"Australia",2016-09-01,"Australasia & The Pacific","Australasia & The Pacific",15575,-15.7823004694836,-30.319014084507
"Australia",2016-10-01,"Australasia & The Pacific","Australasia & The Pacific",17584,-15.7823004694836,-30.319014084507
"Australia",2016-11-01,"Australasia & The Pacific","Australasia & The Pacific",20220,-15.7823004694836,-30.319014084507
"Australia",2016-12-01,"Australasia & The Pacific","Australasia & The Pacific",19618,-15.7823004694836,-30.319014084507
"Australia",2017-01-01,"Australasia & The Pacific","Australasia & The Pacific",0,-15.7823004694836,-30.319014084507
"Australia",2017-02-01,"Australasia & The Pacific","Australasia & The Pacific",27826,-15.7823004694836,-30.319014084507
"Australia",2017-03-01,"Australasia & The Pacific","Australasia & The Pacific",20157,-15.7823004694836,-30.319014084507
"Australia",2017-04-01,"Australasia & The Pacific","Australasia & The Pacific",18824,-15.7823004694836,-30.319014084507
"Australia",2017-05-01,"Australasia & The Pacific","Australasia & The Pacific",26447,-15.7823004694836,-30.319014084507
"Australia",2017-06-01,"Australasia & The Pacific","Australasia & The Pacific",19560,-15.7823004694836,-30.319014084507
"Australia",2017-07-01,"Australasia & The Pacific","Australasia & The Pacific",18178,-15.7823004694836,-30.319014084507
"Australia",2017-08-01,"Australasia & The Pacific","Australasia & The Pacific",19985,-15.7823004694836,-30.319014084507
"Australia",2017-09-01,"Australasia & The Pacific","Australasia & The Pacific",16016,-15.7823004694836,-30.319014084507
"Australia",2017-10-01,"Australasia & The Pacific","Australasia & The Pacific",19858,-15.7823004694836,-30.319014084507
"Australia",2018-01-01,"Australasia & The Pacific","Australasia & The Pacific",0,-15.7823004694836,-30.319014084507
"Australia",2018-02-01,"Australasia & The Pacific","Australasia & The Pacific",30924,-15.7823004694836,-30.319014084507
"Australia",2018-04-01,"Australasia & The Pacific","Australasia & The Pacific",23623,-15.7823004694836,-30.319014084507
"Australia",2018-05-01,"Australasia & The Pacific","Australasia & The Pacific",25292,-15.7823004694836,-30.319014084507
"Australia",2018-06-01,"Australasia & The Pacific","Australasia & The Pacific",21279,-15.7823004694836,-30.319014084507
"Australia",2018-07-01,"Australasia & The Pacific","Australasia & The Pacific",19663,-15.7823004694836,-30.319014084507
"Australia",2018-08-01,"Australasia & The Pacific","Australasia & The Pacific",20817,-15.7823004694836,-30.319014084507
"Australia",2018-09-01,"Australasia & The Pacific","Australasia & The Pacific",17578,-15.7823004694836,-30.319014084507
"Australia",2018-10-01,"Australasia & The Pacific","Australasia & The Pacific",20551,-15.7823004694836,-30.319014084507
"Australia",2018-11-01,"Australasia & The Pacific","Australasia & The Pacific",21167,-15.7823004694836,-30.319014084507
"Australia",2018-12-01,"Australasia & The Pacific","Australasia & The Pacific",22460,-15.7823004694836,-30.319014084507
"Taiwan",2014-01-01,"Asia","East Asia",12448,-39.2136734693877,24.0868367346939
"Taiwan",2014-02-01,"Asia","East Asia",12167,-39.2136734693877,24.0868367346939
"Taiwan",2014-04-01,"Asia","East Asia",10700,-39.2136734693877,24.0868367346939
"Taiwan",2014-05-01,"Asia","East Asia",9810,-39.2136734693877,24.0868367346939
"Taiwan",2014-06-01,"Asia","East Asia",10418,-39.2136734693877,24.0868367346939
"Taiwan",2014-07-01,"Asia","East Asia",11670,-39.2136734693877,24.0868367346939
"Taiwan",2014-08-01,"Asia","East Asia",15574,-39.2136734693877,24.0868367346939
"Taiwan",2014-09-01,"Asia","East Asia",14217,-39.2136734693877,24.0868367346939
"Taiwan",2014-10-01,"Asia","East Asia",11709,-39.2136734693877,24.0868367346939
"Taiwan",2014-11-01,"Asia","East Asia",12364,-39.2136734693877,24.0868367346939
"Taiwan",2014-12-01,"Asia","East Asia",11071,-39.2136734693877,24.0868367346939
"Taiwan",2015-02-01,"Asia","East Asia",15198,-39.2136734693877,24.0868367346939
"Taiwan",2015-03-01,"Asia","East Asia",14711,-39.2136734693877,24.0868367346939
"Taiwan",2015-05-01,"Asia","East Asia",13859,-39.2136734693877,24.0868367346939
"Taiwan",2015-06-01,"Asia","East Asia",13790,-39.2136734693877,24.0868367346939
"Taiwan",2015-07-01,"Asia","East Asia",16038,-39.2136734693877,24.0868367346939
"Taiwan",2015-08-01,"Asia","East Asia",18833,-39.2136734693877,24.0868367346939
"Taiwan",2015-09-01,"Asia","East Asia",16397,-39.2136734693877,24.0868367346939
"Taiwan",2015-10-01,"Asia","East Asia",14564,-39.2136734693877,24.0868367346939
"Taiwan",2015-11-01,"Asia","East Asia",15337,-39.2136734693877,24.0868367346939
"Taiwan",2015-12-01,"Asia","East Asia",13399,-39.2136734693877,24.0868367346939
"Taiwan",2016-01-01,"Asia","East Asia",15523,-39.2136734693877,24.0868367346939
"Taiwan",2016-02-01,"Asia","East Asia",19821,-39.2136734693877,24.0868367346939
"Taiwan",2016-03-01,"Asia","East Asia",16758,-39.2136734693877,24.0868367346939
"Taiwan",2016-04-01,"Asia","East Asia",19554,-39.2136734693877,24.0868367346939
"Taiwan",2016-05-01,"Asia","East Asia",18136,-39.2136734693877,24.0868367346939
"Taiwan",2016-06-01,"Asia","East Asia",22333,-39.2136734693877,24.0868367346939
"Taiwan",2016-07-01,"Asia","East Asia",23894,-39.2136734693877,24.0868367346939
"Taiwan",2016-08-01,"Asia","East Asia",21498,-39.2136734693877,24.0868367346939
"Taiwan",2016-09-01,"Asia","East Asia",20773,-39.2136734693877,24.0868367346939
"Taiwan",2016-10-01,"Asia","East Asia",18327,-39.2136734693877,24.0868367346939
"Taiwan",2016-11-01,"Asia","East Asia",16905,-39.2136734693877,24.0868367346939
"Taiwan",2016-12-01,"Asia","East Asia",15781,-39.2136734693877,24.0868367346939
"Taiwan",2017-01-01,"Asia","East Asia",21926,-39.2136734693877,24.0868367346939
"Taiwan",2017-02-01,"Asia","East Asia",20472,-39.2136734693877,24.0868367346939
"Taiwan",2017-03-01,"Asia","East Asia",22498,-39.2136734693877,24.0868367346939
"Taiwan",2017-04-01,"Asia","East Asia",21318,-39.2136734693877,24.0868367346939
"Taiwan",2017-05-01,"Asia","East Asia",22429,-39.2136734693877,24.0868367346939
"Taiwan",2017-06-01,"Asia","East Asia",18374,-39.2136734693877,24.0868367346939
"Taiwan",2017-07-01,"Asia","East Asia",20451,-39.2136734693877,24.0868367346939
"Taiwan",2017-08-01,"Asia","East Asia",19993,-39.2136734693877,24.0868367346939
"Taiwan",2017-09-01,"Asia","East Asia",17112,-39.2136734693877,24.0868367346939
"Taiwan",2017-10-01,"Asia","East Asia",21241,-39.2136734693877,24.0868367346939
"Taiwan",2018-01-01,"Asia","East Asia",18948,-39.2136734693877,24.0868367346939
"Taiwan",2018-02-01,"Asia","East Asia",21908,-39.2136734693877,24.0868367346939
"Taiwan",2018-04-01,"Asia","East Asia",22950,-39.2136734693877,24.0868367346939
"Taiwan",2018-05-01,"Asia","East Asia",18545,-39.2136734693877,24.0868367346939
"Taiwan",2018-06-01,"Asia","East Asia",19168,-39.2136734693877,24.0868367346939
"Taiwan",2018-07-01,"Asia","East Asia",23151,-39.2136734693877,24.0868367346939
"Taiwan",2018-08-01,"Asia","East Asia",21004,-39.2136734693877,24.0868367346939
"Taiwan",2018-09-01,"Asia","East Asia",22152,-39.2136734693877,24.0868367346939
"Taiwan",2018-10-01,"Asia","East Asia",19498,-39.2136734693877,24.0868367346939
"Taiwan",2018-11-01,"Asia","East Asia",16589,-39.2136734693877,24.0868367346939
"Taiwan",2018-12-01,"Asia","East Asia",19477,-39.2136734693877,24.0868367346939
"Singapore",2014-01-01,"Asia","ASEAN",13399,-56.15,1.3
"Singapore",2014-02-01,"Asia","ASEAN",14139,-56.15,1.3
"Singapore",2014-04-01,"Asia","ASEAN",17279,-56.15,1.3
"Singapore",2014-05-01,"Asia","ASEAN",14424,-56.15,1.3
"Singapore",2014-06-01,"Asia","ASEAN",15469,-56.15,1.3
"Singapore",2014-07-01,"Asia","ASEAN",16982,-56.15,1.3
"Singapore",2014-08-01,"Asia","ASEAN",13641,-56.15,1.3
"Singapore",2014-09-01,"Asia","ASEAN",13049,-56.15,1.3
"Singapore",2014-10-01,"Asia","ASEAN",13961,-56.15,1.3
"Singapore",2014-11-01,"Asia","ASEAN",14653,-56.15,1.3
"Singapore",2014-12-01,"Asia","ASEAN",16921,-56.15,1.3
"Singapore",2015-02-01,"Asia","ASEAN",14279,-56.15,1.3
"Singapore",2015-03-01,"Asia","ASEAN",16942,-56.15,1.3
"Singapore",2015-05-01,"Asia","ASEAN",15816,-56.15,1.3
"Singapore",2015-06-01,"Asia","ASEAN",17363,-56.15,1.3
"Singapore",2015-07-01,"Asia","ASEAN",15422,-56.15,1.3
"Singapore",2015-08-01,"Asia","ASEAN",14585,-56.15,1.3
"Singapore",2015-09-01,"Asia","ASEAN",14515,-56.15,1.3
"Singapore",2015-10-01,"Asia","ASEAN",14122,-56.15,1.3
"Singapore",2015-11-01,"Asia","ASEAN",14366,-56.15,1.3
"Singapore",2015-12-01,"Asia","ASEAN",14928,-56.15,1.3
"Singapore",2016-01-01,"Asia","ASEAN",13404,-56.15,1.3
"Singapore",2016-02-01,"Asia","ASEAN",14972,-56.15,1.3
"Singapore",2016-03-01,"Asia","ASEAN",16065,-56.15,1.3
"Singapore",2016-04-01,"Asia","ASEAN",16592,-56.15,1.3
"Singapore",2016-05-01,"Asia","ASEAN",14723,-56.15,1.3
"Singapore",2016-06-01,"Asia","ASEAN",16324,-56.15,1.3
"Singapore",2016-07-01,"Asia","ASEAN",14153,-56.15,1.3
"Singapore",2016-08-01,"Asia","ASEAN",14008,-56.15,1.3
"Singapore",2016-09-01,"Asia","ASEAN",13190,-56.15,1.3
"Singapore",2016-10-01,"Asia","ASEAN",12914,-56.15,1.3
"Singapore",2016-11-01,"Asia","ASEAN",14849,-56.15,1.3
"Singapore",2016-12-01,"Asia","ASEAN",14863,-56.15,1.3
"Singapore",2017-01-01,"Asia","ASEAN",12000,-56.15,1.3
"Singapore",2017-02-01,"Asia","ASEAN",13309,-56.15,1.3
"Singapore",2017-03-01,"Asia","ASEAN",15086,-56.15,1.3
"Singapore",2017-04-01,"Asia","ASEAN",13895,-56.15,1.3
"Singapore",2017-05-01,"Asia","ASEAN",15895,-56.15,1.3
"Singapore",2017-06-01,"Asia","ASEAN",15022,-56.15,1.3
"Singapore",2017-07-01,"Asia","ASEAN",12535,-56.15,1.3
"Singapore",2017-08-01,"Asia","ASEAN",13726,-56.15,1.3
"Singapore",2017-09-01,"Asia","ASEAN",13974,-56.15,1.3
"Singapore",2017-10-01,"Asia","ASEAN",13597,-56.15,1.3
"Singapore",2018-01-01,"Asia","ASEAN",13627,-56.15,1.3
"Singapore",2018-02-01,"Asia","ASEAN",14490,-56.15,1.3
"Singapore",2018-04-01,"Asia","ASEAN",15493,-56.15,1.3
"Singapore",2018-05-01,"Asia","ASEAN",15971,-56.15,1.3
"Singapore",2018-06-01,"Asia","ASEAN",15874,-56.15,1.3
"Singapore",2018-07-01,"Asia","ASEAN",13145,-56.15,1.3
"Singapore",2018-08-01,"Asia","ASEAN",12612,-56.15,1.3
"Singapore",2018-09-01,"Asia","ASEAN",13182,-56.15,1.3
"Singapore",2018-10-01,"Asia","ASEAN",13427,-56.15,1.3
"Singapore",2018-11-01,"Asia","ASEAN",13910,-56.15,1.3
"Singapore",2018-12-01,"Asia","ASEAN",13784,-56.15,1.3
"Canada",2014-01-01,"America","North America",16413,112.832333696838,48.1319847328244
"Canada",2014-02-01,"America","North America",12093,112.832333696838,48.1319847328244
"Canada",2014-04-01,"America","North America",14333,112.832333696838,48.1319847328244
"Canada",2014-05-01,"America","North America",13732,112.832333696838,48.1319847328244
"Canada",2014-06-01,"America","North America",11358,112.832333696838,48.1319847328244
"Canada",2014-07-01,"America","North America",7748,112.832333696838,48.1319847328244
"Canada",2014-08-01,"America","North America",10548,112.832333696838,48.1319847328244
"Canada",2014-09-01,"America","North America",7419,112.832333696838,48.1319847328244
"Canada",2014-10-01,"America","North America",7382,112.832333696838,48.1319847328244
"Canada",2014-11-01,"America","North America",10365,112.832333696838,48.1319847328244
"Canada",2014-12-01,"America","North America",12359,112.832333696838,48.1319847328244
"Canada",2015-02-01,"America","North America",13146,112.832333696838,48.1319847328244
"Canada",2015-03-01,"America","North America",15688,112.832333696838,48.1319847328244
"Canada",2015-05-01,"America","North America",13990,112.832333696838,48.1319847328244
"Canada",2015-06-01,"America","North America",13152,112.832333696838,48.1319847328244
"Canada",2015-07-01,"America","North America",8255,112.832333696838,48.1319847328244
"Canada",2015-08-01,"America","North America",11250,112.832333696838,48.1319847328244
"Canada",2015-09-01,"America","North America",8890,112.832333696838,48.1319847328244
"Canada",2015-10-01,"America","North America",7559,112.832333696838,48.1319847328244
"Canada",2015-11-01,"America","North America",11051,112.832333696838,48.1319847328244
"Canada",2015-12-01,"America","North America",12196,112.832333696838,48.1319847328244
"Canada",2016-01-01,"America","North America",21108,112.832333696838,48.1319847328244
"Canada",2016-02-01,"America","North America",15665,112.832333696838,48.1319847328244
"Canada",2016-03-01,"America","North America",16528,112.832333696838,48.1319847328244
"Canada",2016-04-01,"America","North America",14987,112.832333696838,48.1319847328244
"Canada",2016-05-01,"America","North America",14052,112.832333696838,48.1319847328244
"Canada",2016-06-01,"America","North America",9072,112.832333696838,48.1319847328244
"Canada",2016-07-01,"America","North America",12558,112.832333696838,48.1319847328244
"Canada",2016-08-01,"America","North America",10104,112.832333696838,48.1319847328244
"Canada",2016-09-01,"America","North America",9548,112.832333696838,48.1319847328244
"Canada",2016-10-01,"America","North America",13113,112.832333696838,48.1319847328244
"Canada",2016-11-01,"America","North America",15035,112.832333696838,48.1319847328244
"Canada",2016-12-01,"America","North America",23861,112.832333696838,48.1319847328244
"Canada",2017-01-01,"America","North America",24352,112.832333696838,48.1319847328244
"Canada",2017-02-01,"America","North America",19016,112.832333696838,48.1319847328244
"Canada",2017-03-01,"America","North America",17470,112.832333696838,48.1319847328244
"Canada",2017-04-01,"America","North America",19755,112.832333696838,48.1319847328244
"Canada",2017-05-01,"America","North America",16794,112.832333696838,48.1319847328244
"Canada",2017-06-01,"America","North America",10856,112.832333696838,48.1319847328244
"Canada",2017-07-01,"America","North America",15159,112.832333696838,48.1319847328244
"Canada",2017-08-01,"America","North America",11057,112.832333696838,48.1319847328244
"Canada",2017-09-01,"America","North America",10686,112.832333696838,48.1319847328244
"Canada",2017-10-01,"America","North America",13080,112.832333696838,48.1319847328244
"Canada",2018-01-01,"America","North America",28913,112.832333696838,48.1319847328244
"Canada",2018-02-01,"America","North America",19278,112.832333696838,48.1319847328244
"Canada",2018-04-01,"America","North America",19148,112.832333696838,48.1319847328244
"Canada",2018-05-01,"America","North America",19484,112.832333696838,48.1319847328244
"Canada",2018-06-01,"America","North America",11965,112.832333696838,48.1319847328244
"Canada",2018-07-01,"America","North America",17369,112.832333696838,48.1319847328244
"Canada",2018-08-01,"America","North America",12848,112.832333696838,48.1319847328244
"Canada",2018-09-01,"America","North America",11351,112.832333696838,48.1319847328244
"Canada",2018-10-01,"America","North America",15477,112.832333696838,48.1319847328244
"Canada",2018-11-01,"America","North America",18637,112.832333696838,48.1319847328244
"Canada",2018-12-01,"America","North America",29666,112.832333696838,48.1319847328244
"United Kingdom",2014-01-01,"Europe","Northern Europe",11098,-161.96267027027,52.9356972972973
"United Kingdom",2014-02-01,"Europe","Northern Europe",12223,-161.96267027027,52.9356972972973
"United Kingdom",2014-04-01,"Europe","Northern Europe",13138,-161.96267027027,52.9356972972973
"United Kingdom",2014-05-01,"Europe","Northern Europe",13746,-161.96267027027,52.9356972972973
"United Kingdom",2014-06-01,"Europe","Northern Europe",10100,-161.96267027027,52.9356972972973
"United Kingdom",2014-07-01,"Europe","Northern Europe",8288,-161.96267027027,52.9356972972973
"United Kingdom",2014-08-01,"Europe","Northern Europe",12655,-161.96267027027,52.9356972972973
"United Kingdom",2014-09-01,"Europe","Northern Europe",9358,-161.96267027027,52.9356972972973
"United Kingdom",2014-10-01,"Europe","Northern Europe",7864,-161.96267027027,52.9356972972973
"United Kingdom",2014-11-01,"Europe","Northern Europe",9029,-161.96267027027,52.9356972972973
"United Kingdom",2014-12-01,"Europe","Northern Europe",9798,-161.96267027027,52.9356972972973
"United Kingdom",2015-02-01,"Europe","Northern Europe",11374,-161.96267027027,52.9356972972973
"United Kingdom",2015-03-01,"Europe","Northern Europe",16730,-161.96267027027,52.9356972972973
"United Kingdom",2015-05-01,"Europe","Northern Europe",14045,-161.96267027027,52.9356972972973
"United Kingdom",2015-06-01,"Europe","Northern Europe",12294,-161.96267027027,52.9356972972973
"United Kingdom",2015-07-01,"Europe","Northern Europe",9614,-161.96267027027,52.9356972972973
"United Kingdom",2015-08-01,"Europe","Northern Europe",15215,-161.96267027027,52.9356972972973
"United Kingdom",2015-09-01,"Europe","Northern Europe",12338,-161.96267027027,52.9356972972973
"United Kingdom",2015-10-01,"Europe","Northern Europe",8783,-161.96267027027,52.9356972972973
"United Kingdom",2015-11-01,"Europe","Northern Europe",11054,-161.96267027027,52.9356972972973
"United Kingdom",2015-12-01,"Europe","Northern Europe",11869,-161.96267027027,52.9356972972973
"United Kingdom",2016-01-01,"Europe","Northern Europe",15072,-161.96267027027,52.9356972972973
"United Kingdom",2016-02-01,"Europe","Northern Europe",13166,-161.96267027027,52.9356972972973
"United Kingdom",2016-03-01,"Europe","Northern Europe",20859,-161.96267027027,52.9356972972973
"United Kingdom",2016-04-01,"Europe","Northern Europe",13942,-161.96267027027,52.9356972972973
"United Kingdom",2016-05-01,"Europe","Northern Europe",13236,-161.96267027027,52.9356972972973
"United Kingdom",2016-06-01,"Europe","Northern Europe",10598,-161.96267027027,52.9356972972973
"United Kingdom",2016-07-01,"Europe","Northern Europe",16980,-161.96267027027,52.9356972972973
"United Kingdom",2016-08-01,"Europe","Northern Europe",13682,-161.96267027027,52.9356972972973
"United Kingdom",2016-09-01,"Europe","Northern Europe",9261,-161.96267027027,52.9356972972973
"United Kingdom",2016-10-01,"Europe","Northern Europe",13116,-161.96267027027,52.9356972972973
"United Kingdom",2016-11-01,"Europe","Northern Europe",13797,-161.96267027027,52.9356972972973
"United Kingdom",2016-12-01,"Europe","Northern Europe",19590,-161.96267027027,52.9356972972973
"United Kingdom",2017-01-01,"Europe","Northern Europe",15747,-161.96267027027,52.9356972972973
"United Kingdom",2017-02-01,"Europe","Northern Europe",15226,-161.96267027027,52.9356972972973
"United Kingdom",2017-03-01,"Europe","Northern Europe",16380,-161.96267027027,52.9356972972973
"United Kingdom",2017-04-01,"Europe","Northern Europe",20835,-161.96267027027,52.9356972972973
"United Kingdom",2017-05-01,"Europe","Northern Europe",14224,-161.96267027027,52.9356972972973
"United Kingdom",2017-06-01,"Europe","Northern Europe",11237,-161.96267027027,52.9356972972973
"United Kingdom",2017-07-01,"Europe","Northern Europe",17254,-161.96267027027,52.9356972972973
"United Kingdom",2017-08-01,"Europe","Northern Europe",14105,-161.96267027027,52.9356972972973
"United Kingdom",2017-09-01,"Europe","Northern Europe",10860,-161.96267027027,52.9356972972973
"United Kingdom",2017-10-01,"Europe","Northern Europe",12695,-161.96267027027,52.9356972972973
"United Kingdom",2018-01-01,"Europe","Northern Europe",18111,-161.96267027027,52.9356972972973
"United Kingdom",2018-02-01,"Europe","Northern Europe",15443,-161.96267027027,52.9356972972973
"United Kingdom",2018-04-01,"Europe","Northern Europe",17913,-161.96267027027,52.9356972972973
"United Kingdom",2018-05-01,"Europe","Northern Europe",15348,-161.96267027027,52.9356972972973
"United Kingdom",2018-06-01,"Europe","Northern Europe",12661,-161.96267027027,52.9356972972973
"United Kingdom",2018-07-01,"Europe","Northern Europe",18847,-161.96267027027,52.9356972972973
"United Kingdom",2018-08-01,"Europe","Northern Europe",15376,-161.96267027027,52.9356972972973
"United Kingdom",2018-09-01,"Europe","Northern Europe",11637,-161.96267027027,52.9356972972973
"United Kingdom",2018-10-01,"Europe","Northern Europe",14714,-161.96267027027,52.9356972972973
"United Kingdom",2018-11-01,"Europe","Northern Europe",16247,-161.96267027027,52.9356972972973
"United Kingdom",2018-12-01,"Europe","Northern Europe",21780,-161.96267027027,52.9356972972973
"Malaysia",2014-01-01,"Asia","ASEAN",8697,-56.2003067484662,3.87441717791411
"Malaysia",2014-02-01,"Asia","ASEAN",11044,-56.2003067484662,3.87441717791411
"Malaysia",2014-04-01,"Asia","ASEAN",12059,-56.2003067484662,3.87441717791411
"Malaysia",2014-05-01,"Asia","ASEAN",10142,-56.2003067484662,3.87441717791411
"Malaysia",2014-06-01,"Asia","ASEAN",12478,-56.2003067484662,3.87441717791411
"Malaysia",2014-07-01,"Asia","ASEAN",12376,-56.2003067484662,3.87441717791411
"Malaysia",2014-08-01,"Asia","ASEAN",11353,-56.2003067484662,3.87441717791411
"Malaysia",2014-09-01,"Asia","ASEAN",10552,-56.2003067484662,3.87441717791411
"Malaysia",2014-10-01,"Asia","ASEAN",10466,-56.2003067484662,3.87441717791411
"Malaysia",2014-11-01,"Asia","ASEAN",11240,-56.2003067484662,3.87441717791411
"Malaysia",2014-12-01,"Asia","ASEAN",14958,-56.2003067484662,3.87441717791411
"Malaysia",2015-02-01,"Asia","ASEAN",11188,-56.2003067484662,3.87441717791411
"Malaysia",2015-03-01,"Asia","ASEAN",13892,-56.2003067484662,3.87441717791411
"Malaysia",2015-05-01,"Asia","ASEAN",13089,-56.2003067484662,3.87441717791411
"Malaysia",2015-06-01,"Asia","ASEAN",14690,-56.2003067484662,3.87441717791411
"Malaysia",2015-07-01,"Asia","ASEAN",12851,-56.2003067484662,3.87441717791411
"Malaysia",2015-08-01,"Asia","ASEAN",12981,-56.2003067484662,3.87441717791411
"Malaysia",2015-09-01,"Asia","ASEAN",13048,-56.2003067484662,3.87441717791411
"Malaysia",2015-10-01,"Asia","ASEAN",13189,-56.2003067484662,3.87441717791411
"Malaysia",2015-11-01,"Asia","ASEAN",11936,-56.2003067484662,3.87441717791411
"Malaysia",2015-12-01,"Asia","ASEAN",13544,-56.2003067484662,3.87441717791411
"Malaysia",2016-01-01,"Asia","ASEAN",11068,-56.2003067484662,3.87441717791411
"Malaysia",2016-02-01,"Asia","ASEAN",12922,-56.2003067484662,3.87441717791411
"Malaysia",2016-03-01,"Asia","ASEAN",12611,-56.2003067484662,3.87441717791411
"Malaysia",2016-04-01,"Asia","ASEAN",12234,-56.2003067484662,3.87441717791411
"Malaysia",2016-05-01,"Asia","ASEAN",12076,-56.2003067484662,3.87441717791411
"Malaysia",2016-06-01,"Asia","ASEAN",11386,-56.2003067484662,3.87441717791411
"Malaysia",2016-07-01,"Asia","ASEAN",12022,-56.2003067484662,3.87441717791411
"Malaysia",2016-08-01,"Asia","ASEAN",10810,-56.2003067484662,3.87441717791411
"Malaysia",2016-09-01,"Asia","ASEAN",10533,-56.2003067484662,3.87441717791411
"Malaysia",2016-10-01,"Asia","ASEAN",10571,-56.2003067484662,3.87441717791411
"Malaysia",2016-11-01,"Asia","ASEAN",11844,-56.2003067484662,3.87441717791411
"Malaysia",2016-12-01,"Asia","ASEAN",11056,-56.2003067484662,3.87441717791411
"Malaysia",2017-01-01,"Asia","ASEAN",10215,-56.2003067484662,3.87441717791411
"Malaysia",2017-02-01,"Asia","ASEAN",11335,-56.2003067484662,3.87441717791411
"Malaysia",2017-03-01,"Asia","ASEAN",12861,-56.2003067484662,3.87441717791411
"Malaysia",2017-04-01,"Asia","ASEAN",12839,-56.2003067484662,3.87441717791411
"Malaysia",2017-05-01,"Asia","ASEAN",13328,-56.2003067484662,3.87441717791411
"Malaysia",2017-06-01,"Asia","ASEAN",11633,-56.2003067484662,3.87441717791411
"Malaysia",2017-07-01,"Asia","ASEAN",10632,-56.2003067484662,3.87441717791411
"Malaysia",2017-08-01,"Asia","ASEAN",12336,-56.2003067484662,3.87441717791411
"Malaysia",2017-09-01,"Asia","ASEAN",11541,-56.2003067484662,3.87441717791411
"Malaysia",2017-10-01,"Asia","ASEAN",12435,-56.2003067484662,3.87441717791411
"Malaysia",2018-01-01,"Asia","ASEAN",12012,-56.2003067484662,3.87441717791411
"Malaysia",2018-02-01,"Asia","ASEAN",12322,-56.2003067484662,3.87441717791411
"Malaysia",2018-04-01,"Asia","ASEAN",11771,-56.2003067484662,3.87441717791411
"Malaysia",2018-05-01,"Asia","ASEAN",12179,-56.2003067484662,3.87441717791411
"Malaysia",2018-06-01,"Asia","ASEAN",12623,-56.2003067484662,3.87441717791411
"Malaysia",2018-07-01,"Asia","ASEAN",11036,-56.2003067484662,3.87441717791411
"Malaysia",2018-08-01,"Asia","ASEAN",11578,-56.2003067484662,3.87441717791411
"Malaysia",2018-09-01,"Asia","ASEAN",13211,-56.2003067484662,3.87441717791411
"Malaysia",2018-10-01,"Asia","ASEAN",11491,-56.2003067484662,3.87441717791411
"Malaysia",2018-11-01,"Asia","ASEAN",12649,-56.2003067484662,3.87441717791411
"Malaysia",2018-12-01,"Asia","ASEAN",11618,-56.2003067484662,3.87441717791411
"Hongkong",2014-01-01,"Asia","East Asia",11587,NA,NA
"Hongkong",2014-02-01,"Asia","East Asia",9573,NA,NA
"Hongkong",2014-04-01,"Asia","East Asia",10529,NA,NA
"Hongkong",2014-05-01,"Asia","East Asia",8430,NA,NA
"Hongkong",2014-06-01,"Asia","East Asia",8089,NA,NA
"Hongkong",2014-07-01,"Asia","East Asia",9564,NA,NA
"Hongkong",2014-08-01,"Asia","East Asia",8743,NA,NA
"Hongkong",2014-09-01,"Asia","East Asia",9086,NA,NA
"Hongkong",2014-10-01,"Asia","East Asia",9535,NA,NA
"Hongkong",2014-11-01,"Asia","East Asia",9690,NA,NA
"Hongkong",2014-12-01,"Asia","East Asia",10012,NA,NA
"Hongkong",2015-02-01,"Asia","East Asia",13171,NA,NA
"Hongkong",2015-03-01,"Asia","East Asia",10483,NA,NA
"Hongkong",2015-05-01,"Asia","East Asia",12031,NA,NA
"Hongkong",2015-06-01,"Asia","East Asia",10586,NA,NA
"Hongkong",2015-07-01,"Asia","East Asia",8656,NA,NA
"Hongkong",2015-08-01,"Asia","East Asia",10661,NA,NA
"Hongkong",2015-09-01,"Asia","East Asia",10202,NA,NA
"Hongkong",2015-10-01,"Asia","East Asia",10160,NA,NA
"Hongkong",2015-11-01,"Asia","East Asia",10267,NA,NA
"Hongkong",2015-12-01,"Asia","East Asia",8574,NA,NA
"Hongkong",2016-01-01,"Asia","East Asia",8132,NA,NA
"Hongkong",2016-02-01,"Asia","East Asia",12643,NA,NA
"Hongkong",2016-03-01,"Asia","East Asia",11974,NA,NA
"Hongkong",2016-04-01,"Asia","East Asia",9125,NA,NA
"Hongkong",2016-05-01,"Asia","East Asia",9355,NA,NA
"Hongkong",2016-06-01,"Asia","East Asia",10289,NA,NA
"Hongkong",2016-07-01,"Asia","East Asia",10672,NA,NA
"Hongkong",2016-08-01,"Asia","East Asia",9142,NA,NA
"Hongkong",2016-09-01,"Asia","East Asia",8504,NA,NA
"Hongkong",2016-10-01,"Asia","East Asia",8977,NA,NA
"Hongkong",2016-11-01,"Asia","East Asia",8482,NA,NA
"Hongkong",2016-12-01,"Asia","East Asia",9033,NA,NA
"Hongkong",2017-01-01,"Asia","East Asia",10006,NA,NA
"Hongkong",2017-02-01,"Asia","East Asia",8170,NA,NA
"Hongkong",2017-03-01,"Asia","East Asia",7746,NA,NA
"Hongkong",2017-04-01,"Asia","East Asia",12260,NA,NA
"Hongkong",2017-05-01,"Asia","East Asia",9280,NA,NA
"Hongkong",2017-06-01,"Asia","East Asia",0,NA,NA
"Hongkong",2017-07-01,"Asia","East Asia",8191,NA,NA
"Hongkong",2017-08-01,"Asia","East Asia",9810,NA,NA
"Hongkong",2017-09-01,"Asia","East Asia",9026,NA,NA
"Hongkong",2017-10-01,"Asia","East Asia",9187,NA,NA
"Hongkong",2018-01-01,"Asia","East Asia",9284,NA,NA
"Hongkong",2018-02-01,"Asia","East Asia",13642,NA,NA
"Hongkong",2018-04-01,"Asia","East Asia",10324,NA,NA
"Hongkong",2018-05-01,"Asia","East Asia",10308,NA,NA
"Hongkong",2018-06-01,"Asia","East Asia",12546,NA,NA
"Hongkong",2018-07-01,"Asia","East Asia",9533,NA,NA
"Hongkong",2018-08-01,"Asia","East Asia",7457,NA,NA
"Hongkong",2018-09-01,"Asia","East Asia",7411,NA,NA
"Hongkong",2018-10-01,"Asia","East Asia",8591,NA,NA
"Hongkong",2018-11-01,"Asia","East Asia",7093,NA,NA
"Hongkong",2018-12-01,"Asia","East Asia",0,NA,NA
"India",2014-01-01,"Asia","South Asia",5472,-80.6390758047767,21.5019210799585
"India",2014-02-01,"Asia","South Asia",3751,-80.6390758047767,21.5019210799585
"India",2014-04-01,"Asia","South Asia",5025,-80.6390758047767,21.5019210799585
"India",2014-05-01,"Asia","South Asia",5305,-80.6390758047767,21.5019210799585
"India",2014-06-01,"Asia","South Asia",5456,-80.6390758047767,21.5019210799585
"India",2014-07-01,"Asia","South Asia",4872,-80.6390758047767,21.5019210799585
"India",2014-08-01,"Asia","South Asia",4737,-80.6390758047767,21.5019210799585
"India",2014-09-01,"Asia","South Asia",4988,-80.6390758047767,21.5019210799585
"India",2014-10-01,"Asia","South Asia",4689,-80.6390758047767,21.5019210799585
"India",2014-11-01,"Asia","South Asia",6885,-80.6390758047767,21.5019210799585
"India",2014-12-01,"Asia","South Asia",5000,-80.6390758047767,21.5019210799585
"India",2015-02-01,"Asia","South Asia",5244,-80.6390758047767,21.5019210799585
"India",2015-03-01,"Asia","South Asia",6415,-80.6390758047767,21.5019210799585
"India",2015-05-01,"Asia","South Asia",6335,-80.6390758047767,21.5019210799585
"India",2015-06-01,"Asia","South Asia",7030,-80.6390758047767,21.5019210799585
"India",2015-07-01,"Asia","South Asia",5848,-80.6390758047767,21.5019210799585
"India",2015-08-01,"Asia","South Asia",5565,-80.6390758047767,21.5019210799585
"India",2015-09-01,"Asia","South Asia",5837,-80.6390758047767,21.5019210799585
"India",2015-10-01,"Asia","South Asia",6070,-80.6390758047767,21.5019210799585
"India",2015-11-01,"Asia","South Asia",6590,-80.6390758047767,21.5019210799585
"India",2015-12-01,"Asia","South Asia",7108,-80.6390758047767,21.5019210799585
"India",2016-01-01,"Asia","South Asia",8954,-80.6390758047767,21.5019210799585
"India",2016-02-01,"Asia","South Asia",6224,-80.6390758047767,21.5019210799585
"India",2016-03-01,"Asia","South Asia",6943,-80.6390758047767,21.5019210799585
"India",2016-04-01,"Asia","South Asia",7457,-80.6390758047767,21.5019210799585
"India",2016-05-01,"Asia","South Asia",7245,-80.6390758047767,21.5019210799585
"India",2016-06-01,"Asia","South Asia",7471,-80.6390758047767,21.5019210799585
"India",2016-07-01,"Asia","South Asia",9202,-80.6390758047767,21.5019210799585
"India",2016-08-01,"Asia","South Asia",6595,-80.6390758047767,21.5019210799585
"India",2016-09-01,"Asia","South Asia",6673,-80.6390758047767,21.5019210799585
"India",2016-10-01,"Asia","South Asia",7089,-80.6390758047767,21.5019210799585
"India",2016-11-01,"Asia","South Asia",9516,-80.6390758047767,21.5019210799585
"India",2016-12-01,"Asia","South Asia",7447,-80.6390758047767,21.5019210799585
"India",2017-01-01,"Asia","South Asia",11805,-80.6390758047767,21.5019210799585
"India",2017-02-01,"Asia","South Asia",7621,-80.6390758047767,21.5019210799585
"India",2017-03-01,"Asia","South Asia",7479,-80.6390758047767,21.5019210799585
"India",2017-04-01,"Asia","South Asia",8842,-80.6390758047767,21.5019210799585
"India",2017-05-01,"Asia","South Asia",9928,-80.6390758047767,21.5019210799585
"India",2017-06-01,"Asia","South Asia",0,-80.6390758047767,21.5019210799585
"India",2017-07-01,"Asia","South Asia",8988,-80.6390758047767,21.5019210799585
"India",2017-08-01,"Asia","South Asia",9637,-80.6390758047767,21.5019210799585
"India",2017-09-01,"Asia","South Asia",8081,-80.6390758047767,21.5019210799585
"India",2017-10-01,"Asia","South Asia",8389,-80.6390758047767,21.5019210799585
"India",2018-01-01,"Asia","South Asia",13779,-80.6390758047767,21.5019210799585
"India",2018-02-01,"Asia","South Asia",9285,-80.6390758047767,21.5019210799585
"India",2018-04-01,"Asia","South Asia",10021,-80.6390758047767,21.5019210799585
"India",2018-05-01,"Asia","South Asia",10569,-80.6390758047767,21.5019210799585
"India",2018-06-01,"Asia","South Asia",9500,-80.6390758047767,21.5019210799585
"India",2018-07-01,"Asia","South Asia",10950,-80.6390758047767,21.5019210799585
"India",2018-08-01,"Asia","South Asia",9576,-80.6390758047767,21.5019210799585
"India",2018-09-01,"Asia","South Asia",8974,-80.6390758047767,21.5019210799585
"India",2018-10-01,"Asia","South Asia",9033,-80.6390758047767,21.5019210799585
"India",2018-11-01,"Asia","South Asia",11297,-80.6390758047767,21.5019210799585
"India",2018-12-01,"Asia","South Asia",0,-80.6390758047767,21.5019210799585
"Germany",2014-01-01,"Europe","Western Europe",7616,-150.696603206413,50.8155811623246
"Germany",2014-02-01,"Europe","Western Europe",7779,-150.696603206413,50.8155811623246
"Germany",2014-04-01,"Europe","Western Europe",6379,-150.696603206413,50.8155811623246
"Germany",2014-05-01,"Europe","Western Europe",4478,-150.696603206413,50.8155811623246
"Germany",2014-06-01,"Europe","Western Europe",3602,-150.696603206413,50.8155811623246
"Germany",2014-07-01,"Europe","Western Europe",4917,-150.696603206413,50.8155811623246
"Germany",2014-08-01,"Europe","Western Europe",5317,-150.696603206413,50.8155811623246
"Germany",2014-09-01,"Europe","Western Europe",4102,-150.696603206413,50.8155811623246
"Germany",2014-10-01,"Europe","Western Europe",4869,-150.696603206413,50.8155811623246
"Germany",2014-11-01,"Europe","Western Europe",6198,-150.696603206413,50.8155811623246
"Germany",2014-12-01,"Europe","Western Europe",8756,-150.696603206413,50.8155811623246
"Germany",2015-02-01,"Europe","Western Europe",7396,-150.696603206413,50.8155811623246
"Germany",2015-03-01,"Europe","Western Europe",8576,-150.696603206413,50.8155811623246
"Germany",2015-05-01,"Europe","Western Europe",5665,-150.696603206413,50.8155811623246
"Germany",2015-06-01,"Europe","Western Europe",5135,-150.696603206413,50.8155811623246
"Germany",2015-07-01,"Europe","Western Europe",3835,-150.696603206413,50.8155811623246
"Germany",2015-08-01,"Europe","Western Europe",4853,-150.696603206413,50.8155811623246
"Germany",2015-09-01,"Europe","Western Europe",5689,-150.696603206413,50.8155811623246
"Germany",2015-10-01,"Europe","Western Europe",4208,-150.696603206413,50.8155811623246
"Germany",2015-11-01,"Europe","Western Europe",5549,-150.696603206413,50.8155811623246
"Germany",2015-12-01,"Europe","Western Europe",6936,-150.696603206413,50.8155811623246
"Germany",2016-01-01,"Europe","Western Europe",8337,-150.696603206413,50.8155811623246
"Germany",2016-02-01,"Europe","Western Europe",9869,-150.696603206413,50.8155811623246
"Germany",2016-03-01,"Europe","Western Europe",10415,-150.696603206413,50.8155811623246
"Germany",2016-04-01,"Europe","Western Europe",7018,-150.696603206413,50.8155811623246
"Germany",2016-05-01,"Europe","Western Europe",5901,-150.696603206413,50.8155811623246
"Germany",2016-06-01,"Europe","Western Europe",4082,-150.696603206413,50.8155811623246
"Germany",2016-07-01,"Europe","Western Europe",6112,-150.696603206413,50.8155811623246
"Germany",2016-08-01,"Europe","Western Europe",5814,-150.696603206413,50.8155811623246
"Germany",2016-09-01,"Europe","Western Europe",4779,-150.696603206413,50.8155811623246
"Germany",2016-10-01,"Europe","Western Europe",6598,-150.696603206413,50.8155811623246
"Germany",2016-11-01,"Europe","Western Europe",7357,-150.696603206413,50.8155811623246
"Germany",2016-12-01,"Europe","Western Europe",10081,-150.696603206413,50.8155811623246
"Germany",2017-01-01,"Europe","Western Europe",8917,-150.696603206413,50.8155811623246
"Germany",2017-02-01,"Europe","Western Europe",10003,-150.696603206413,50.8155811623246
"Germany",2017-03-01,"Europe","Western Europe",10381,-150.696603206413,50.8155811623246
"Germany",2017-04-01,"Europe","Western Europe",8296,-150.696603206413,50.8155811623246
"Germany",2017-05-01,"Europe","Western Europe",5887,-150.696603206413,50.8155811623246
"Germany",2017-06-01,"Europe","Western Europe",0,-150.696603206413,50.8155811623246
"Germany",2017-07-01,"Europe","Western Europe",4513,-150.696603206413,50.8155811623246
"Germany",2017-08-01,"Europe","Western Europe",6008,-150.696603206413,50.8155811623246
"Germany",2017-09-01,"Europe","Western Europe",5495,-150.696603206413,50.8155811623246
"Germany",2017-10-01,"Europe","Western Europe",4624,-150.696603206413,50.8155811623246
"Germany",2018-01-01,"Europe","Western Europe",8822,-150.696603206413,50.8155811623246
"Germany",2018-02-01,"Europe","Western Europe",9826,-150.696603206413,50.8155811623246
"Germany",2018-04-01,"Europe","Western Europe",0,-150.696603206413,50.8155811623246
"Germany",2018-05-01,"Europe","Western Europe",7551,-150.696603206413,50.8155811623246
"Germany",2018-06-01,"Europe","Western Europe",6532,-150.696603206413,50.8155811623246
"Germany",2018-07-01,"Europe","Western Europe",4828,-150.696603206413,50.8155811623246
"Germany",2018-08-01,"Europe","Western Europe",6413,-150.696603206413,50.8155811623246
"Germany",2018-09-01,"Europe","Western Europe",6127,-150.696603206413,50.8155811623246
"Germany",2018-10-01,"Europe","Western Europe",5484,-150.696603206413,50.8155811623246
"Germany",2018-11-01,"Europe","Western Europe",6733,-150.696603206413,50.8155811623246
"Germany",2018-12-01,"Europe","Western Europe",7888,-150.696603206413,50.8155811623246
"Indonesia",2014-01-01,"Asia","ASEAN",3789,-49.7179831932773,-5.32147058823529
"Indonesia",2014-02-01,"Asia","ASEAN",4090,-49.7179831932773,-5.32147058823529
"Indonesia",2014-04-01,"Asia","ASEAN",3095,-49.7179831932773,-5.32147058823529
"Indonesia",2014-05-01,"Asia","ASEAN",3859,-49.7179831932773,-5.32147058823529
"Indonesia",2014-06-01,"Asia","ASEAN",4053,-49.7179831932773,-5.32147058823529
"Indonesia",2014-07-01,"Asia","ASEAN",3901,-49.7179831932773,-5.32147058823529
"Indonesia",2014-08-01,"Asia","ASEAN",3735,-49.7179831932773,-5.32147058823529
"Indonesia",2014-09-01,"Asia","ASEAN",3744,-49.7179831932773,-5.32147058823529
"Indonesia",2014-10-01,"Asia","ASEAN",3478,-49.7179831932773,-5.32147058823529
"Indonesia",2014-11-01,"Asia","ASEAN",4621,-49.7179831932773,-5.32147058823529
"Indonesia",2014-12-01,"Asia","ASEAN",3989,-49.7179831932773,-5.32147058823529
"Indonesia",2015-02-01,"Asia","ASEAN",3615,-49.7179831932773,-5.32147058823529
"Indonesia",2015-03-01,"Asia","ASEAN",4235,-49.7179831932773,-5.32147058823529
"Indonesia",2015-05-01,"Asia","ASEAN",3705,-49.7179831932773,-5.32147058823529
"Indonesia",2015-06-01,"Asia","ASEAN",4035,-49.7179831932773,-5.32147058823529
"Indonesia",2015-07-01,"Asia","ASEAN",3772,-49.7179831932773,-5.32147058823529
"Indonesia",2015-08-01,"Asia","ASEAN",4233,-49.7179831932773,-5.32147058823529
"Indonesia",2015-09-01,"Asia","ASEAN",4528,-49.7179831932773,-5.32147058823529
"Indonesia",2015-10-01,"Asia","ASEAN",3832,-49.7179831932773,-5.32147058823529
"Indonesia",2015-11-01,"Asia","ASEAN",4238,-49.7179831932773,-5.32147058823529
"Indonesia",2015-12-01,"Asia","ASEAN",4086,-49.7179831932773,-5.32147058823529
"Indonesia",2016-01-01,"Asia","ASEAN",4590,-49.7179831932773,-5.32147058823529
"Indonesia",2016-02-01,"Asia","ASEAN",4234,-49.7179831932773,-5.32147058823529
"Indonesia",2016-03-01,"Asia","ASEAN",4026,-49.7179831932773,-5.32147058823529
"Indonesia",2016-04-01,"Asia","ASEAN",4075,-49.7179831932773,-5.32147058823529
"Indonesia",2016-05-01,"Asia","ASEAN",4585,-49.7179831932773,-5.32147058823529
"Indonesia",2016-06-01,"Asia","ASEAN",4206,-49.7179831932773,-5.32147058823529
"Indonesia",2016-07-01,"Asia","ASEAN",3305,-49.7179831932773,-5.32147058823529
"Indonesia",2016-08-01,"Asia","ASEAN",2400,-49.7179831932773,-5.32147058823529
"Indonesia",2016-09-01,"Asia","ASEAN",2584,-49.7179831932773,-5.32147058823529
"Indonesia",2016-10-01,"Asia","ASEAN",3057,-49.7179831932773,-5.32147058823529
"Indonesia",2016-11-01,"Asia","ASEAN",3589,-49.7179831932773,-5.32147058823529
"Indonesia",2016-12-01,"Asia","ASEAN",3697,-49.7179831932773,-5.32147058823529
"Indonesia",2017-01-01,"Asia","ASEAN",4138,-49.7179831932773,-5.32147058823529
"Indonesia",2017-02-01,"Asia","ASEAN",4517,-49.7179831932773,-5.32147058823529
"Indonesia",2017-03-01,"Asia","ASEAN",4624,-49.7179831932773,-5.32147058823529
"Indonesia",2017-04-01,"Asia","ASEAN",5572,-49.7179831932773,-5.32147058823529
"Indonesia",2017-05-01,"Asia","ASEAN",5045,-49.7179831932773,-5.32147058823529
"Indonesia",2017-06-01,"Asia","ASEAN",0,-49.7179831932773,-5.32147058823529
"Indonesia",2017-07-01,"Asia","ASEAN",4317,-49.7179831932773,-5.32147058823529
"Indonesia",2017-08-01,"Asia","ASEAN",4887,-49.7179831932773,-5.32147058823529
"Indonesia",2017-09-01,"Asia","ASEAN",4816,-49.7179831932773,-5.32147058823529
"Indonesia",2017-10-01,"Asia","ASEAN",8581,-49.7179831932773,-5.32147058823529
"Indonesia",2018-01-01,"Asia","ASEAN",6464,-49.7179831932773,-5.32147058823529
"Indonesia",2018-02-01,"Asia","ASEAN",5756,-49.7179831932773,-5.32147058823529
"Indonesia",2018-04-01,"Asia","ASEAN",0,-49.7179831932773,-5.32147058823529
"Indonesia",2018-05-01,"Asia","ASEAN",6466,-49.7179831932773,-5.32147058823529
"Indonesia",2018-06-01,"Asia","ASEAN",6093,-49.7179831932773,-5.32147058823529
"Indonesia",2018-07-01,"Asia","ASEAN",8451,-49.7179831932773,-5.32147058823529
"Indonesia",2018-08-01,"Asia","ASEAN",5505,-49.7179831932773,-5.32147058823529
"Indonesia",2018-09-01,"Asia","ASEAN",5317,-49.7179831932773,-5.32147058823529
"Indonesia",2018-10-01,"Asia","ASEAN",6186,-49.7179831932773,-5.32147058823529
"Indonesia",2018-11-01,"Asia","ASEAN",6642,-49.7179831932773,-5.32147058823529
"Indonesia",2018-12-01,"Asia","ASEAN",6553,-49.7179831932773,-5.32147058823529
"France",2014-01-01,"Europe","Western Europe",4257,-157.2156,47.37819
"France",2014-02-01,"Europe","Western Europe",4223,-157.2156,47.37819
"France",2014-04-01,"Europe","Western Europe",3723,-157.2156,47.37819
"France",2014-05-01,"Europe","Western Europe",2788,-157.2156,47.37819
"France",2014-06-01,"Europe","Western Europe",2404,-157.2156,47.37819
"France",2014-07-01,"Europe","Western Europe",3429,-157.2156,47.37819
"France",2014-08-01,"Europe","Western Europe",2671,-157.2156,47.37819
"France",2014-09-01,"Europe","Western Europe",2022,-157.2156,47.37819
"France",2014-10-01,"Europe","Western Europe",2374,-157.2156,47.37819
"France",2014-11-01,"Europe","Western Europe",2983,-157.2156,47.37819
"France",2014-12-01,"Europe","Western Europe",4319,-157.2156,47.37819
"France",2015-02-01,"Europe","Western Europe",5821,-157.2156,47.37819
"France",2015-03-01,"Europe","Western Europe",4735,-157.2156,47.37819
"France",2015-05-01,"Europe","Western Europe",4362,-157.2156,47.37819
"France",2015-06-01,"Europe","Western Europe",3478,-157.2156,47.37819
"France",2015-07-01,"Europe","Western Europe",2421,-157.2156,47.37819
"France",2015-08-01,"Europe","Western Europe",3772,-157.2156,47.37819
"France",2015-09-01,"Europe","Western Europe",2954,-157.2156,47.37819
"France",2015-10-01,"Europe","Western Europe",2212,-157.2156,47.37819
"France",2015-11-01,"Europe","Western Europe",2962,-157.2156,47.37819
"France",2015-12-01,"Europe","Western Europe",3271,-157.2156,47.37819
"France",2016-01-01,"Europe","Western Europe",5356,-157.2156,47.37819
"France",2016-02-01,"Europe","Western Europe",7146,-157.2156,47.37819
"France",2016-03-01,"Europe","Western Europe",5915,-157.2156,47.37819
"France",2016-04-01,"Europe","Western Europe",5563,-157.2156,47.37819
"France",2016-05-01,"Europe","Western Europe",4356,-157.2156,47.37819
"France",2016-06-01,"Europe","Western Europe",2809,-157.2156,47.37819
"France",2016-07-01,"Europe","Western Europe",4233,-157.2156,47.37819
"France",2016-08-01,"Europe","Western Europe",3325,-157.2156,47.37819
"France",2016-09-01,"Europe","Western Europe",2360,-157.2156,47.37819
"France",2016-10-01,"Europe","Western Europe",3905,-157.2156,47.37819
"France",2016-11-01,"Europe","Western Europe",4348,-157.2156,47.37819
"France",2016-12-01,"Europe","Western Europe",6068,-157.2156,47.37819
"France",2017-01-01,"Europe","Western Europe",7459,-157.2156,47.37819
"France",2017-02-01,"Europe","Western Europe",8498,-157.2156,47.37819
"France",2017-03-01,"Europe","Western Europe",7757,-157.2156,47.37819
"France",2017-04-01,"Europe","Western Europe",7563,-157.2156,47.37819
"France",2017-05-01,"Europe","Western Europe",4676,-157.2156,47.37819
"France",2017-06-01,"Europe","Western Europe",0,-157.2156,47.37819
"France",2017-07-01,"Europe","Western Europe",2937,-157.2156,47.37819
"France",2017-08-01,"Europe","Western Europe",4555,-157.2156,47.37819
"France",2017-09-01,"Europe","Western Europe",3775,-157.2156,47.37819
"France",2017-10-01,"Europe","Western Europe",2918,-157.2156,47.37819
"France",2018-01-01,"Europe","Western Europe",8438,-157.2156,47.37819
"France",2018-02-01,"Europe","Western Europe",9737,-157.2156,47.37819
"France",2018-04-01,"Europe","Western Europe",0,-157.2156,47.37819
"France",2018-05-01,"Europe","Western Europe",8628,-157.2156,47.37819
"France",2018-06-01,"Europe","Western Europe",5561,-157.2156,47.37819
"France",2018-07-01,"Europe","Western Europe",3339,-157.2156,47.37819
"France",2018-08-01,"Europe","Western Europe",5253,-157.2156,47.37819
"France",2018-09-01,"Europe","Western Europe",4556,-157.2156,47.37819
"France",2018-10-01,"Europe","Western Europe",3397,-157.2156,47.37819
"France",2018-11-01,"Europe","Western Europe",4580,-157.2156,47.37819
"France",2018-12-01,"Europe","Western Europe",5641,-157.2156,47.37819
"Saudi Arabia",2014-01-01,"Asia","Middle East",3949,-115.712795698925,23.777311827957
"Saudi Arabia",2014-02-01,"Asia","Middle East",2988,-115.712795698925,23.777311827957
"Saudi Arabia",2014-04-01,"Asia","Middle East",2964,-115.712795698925,23.777311827957
"Saudi Arabia",2014-05-01,"Asia","Middle East",3402,-115.712795698925,23.777311827957
"Saudi Arabia",2014-06-01,"Asia","Middle East",3968,-115.712795698925,23.777311827957
"Saudi Arabia",2014-07-01,"Asia","Middle East",2631,-115.712795698925,23.777311827957
"Saudi Arabia",2014-08-01,"Asia","Middle East",6350,-115.712795698925,23.777311827957
"Saudi Arabia",2014-09-01,"Asia","Middle East",4779,-115.712795698925,23.777311827957
"Saudi Arabia",2014-10-01,"Asia","Middle East",3696,-115.712795698925,23.777311827957
"Saudi Arabia",2014-11-01,"Asia","Middle East",3331,-115.712795698925,23.777311827957
"Saudi Arabia",2014-12-01,"Asia","Middle East",2110,-115.712795698925,23.777311827957
"Saudi Arabia",2015-02-01,"Asia","Middle East",3798,-115.712795698925,23.777311827957
"Saudi Arabia",2015-03-01,"Asia","Middle East",4446,-115.712795698925,23.777311827957
"Saudi Arabia",2015-05-01,"Asia","Middle East",3447,-115.712795698925,23.777311827957
"Saudi Arabia",2015-06-01,"Asia","Middle East",3995,-115.712795698925,23.777311827957
"Saudi Arabia",2015-07-01,"Asia","Middle East",2341,-115.712795698925,23.777311827957
"Saudi Arabia",2015-08-01,"Asia","Middle East",7098,-115.712795698925,23.777311827957
"Saudi Arabia",2015-09-01,"Asia","Middle East",5532,-115.712795698925,23.777311827957
"Saudi Arabia",2015-10-01,"Asia","Middle East",5642,-115.712795698925,23.777311827957
"Saudi Arabia",2015-11-01,"Asia","Middle East",3886,-115.712795698925,23.777311827957
"Saudi Arabia",2015-12-01,"Asia","Middle East",3680,-115.712795698925,23.777311827957
"Saudi Arabia",2016-01-01,"Asia","Middle East",4286,-115.712795698925,23.777311827957
"Saudi Arabia",2016-02-01,"Asia","Middle East",3587,-115.712795698925,23.777311827957
"Saudi Arabia",2016-03-01,"Asia","Middle East",4418,-115.712795698925,23.777311827957
"Saudi Arabia",2016-04-01,"Asia","Middle East",4301,-115.712795698925,23.777311827957
"Saudi Arabia",2016-05-01,"Asia","Middle East",4310,-115.712795698925,23.777311827957
"Saudi Arabia",2016-06-01,"Asia","Middle East",1666,-115.712795698925,23.777311827957
"Saudi Arabia",2016-07-01,"Asia","Middle East",8880,-115.712795698925,23.777311827957
"Saudi Arabia",2016-08-01,"Asia","Middle East",7904,-115.712795698925,23.777311827957
"Saudi Arabia",2016-09-01,"Asia","Middle East",5226,-115.712795698925,23.777311827957
"Saudi Arabia",2016-10-01,"Asia","Middle East",3887,-115.712795698925,23.777311827957
"Saudi Arabia",2016-11-01,"Asia","Middle East",5195,-115.712795698925,23.777311827957
"Saudi Arabia",2016-12-01,"Asia","Middle East",2421,-115.712795698925,23.777311827957
"Saudi Arabia",2017-01-01,"Asia","Middle East",5020,-115.712795698925,23.777311827957
"Saudi Arabia",2017-02-01,"Asia","Middle East",4051,-115.712795698925,23.777311827957
"Saudi Arabia",2017-03-01,"Asia","Middle East",4341,-115.712795698925,23.777311827957
"Saudi Arabia",2017-04-01,"Asia","Middle East",4820,-115.712795698925,23.777311827957
"Saudi Arabia",2017-05-01,"Asia","Middle East",3096,-115.712795698925,23.777311827957
"Saudi Arabia",2017-06-01,"Asia","Middle East",0,-115.712795698925,23.777311827957
"Saudi Arabia",2017-07-01,"Asia","Middle East",3228,-115.712795698925,23.777311827957
"Saudi Arabia",2017-08-01,"Asia","Middle East",8227,-115.712795698925,23.777311827957
"Saudi Arabia",2017-09-01,"Asia","Middle East",7155,-115.712795698925,23.777311827957
"Saudi Arabia",2017-10-01,"Asia","Middle East",4658,-115.712795698925,23.777311827957
"Saudi Arabia",2018-01-01,"Asia","Middle East",4532,-115.712795698925,23.777311827957
"Saudi Arabia",2018-02-01,"Asia","Middle East",3609,-115.712795698925,23.777311827957
"Saudi Arabia",2018-04-01,"Asia","Middle East",0,-115.712795698925,23.777311827957
"Saudi Arabia",2018-05-01,"Asia","Middle East",3763,-115.712795698925,23.777311827957
"Saudi Arabia",2018-06-01,"Asia","Middle East",1832,-115.712795698925,23.777311827957
"Saudi Arabia",2018-07-01,"Asia","Middle East",5830,-115.712795698925,23.777311827957
"Saudi Arabia",2018-08-01,"Asia","Middle East",6499,-115.712795698925,23.777311827957
"Saudi Arabia",2018-09-01,"Asia","Middle East",4851,-115.712795698925,23.777311827957
"Saudi Arabia",2018-10-01,"Asia","Middle East",3211,-115.712795698925,23.777311827957
"Saudi Arabia",2018-11-01,"Asia","Middle East",3452,-115.712795698925,23.777311827957
"Saudi Arabia",2018-12-01,"Asia","Middle East",3548,-115.712795698925,23.777311827957
"Thailand",2014-01-01,"Asia","ASEAN",3593,-58.8763822525597,14.4172354948805
"Thailand",2014-02-01,"Asia","ASEAN",4089,-58.8763822525597,14.4172354948805
"Thailand",2014-04-01,"Asia","ASEAN",4422,-58.8763822525597,14.4172354948805
"Thailand",2014-05-01,"Asia","ASEAN",4014,-58.8763822525597,14.4172354948805
"Thailand",2014-06-01,"Asia","ASEAN",3690,-58.8763822525597,14.4172354948805
"Thailand",2014-07-01,"Asia","ASEAN",3124,-58.8763822525597,14.4172354948805
"Thailand",2014-08-01,"Asia","ASEAN",3218,-58.8763822525597,14.4172354948805
"Thailand",2014-09-01,"Asia","ASEAN",3088,-58.8763822525597,14.4172354948805
"Thailand",2014-10-01,"Asia","ASEAN",3811,-58.8763822525597,14.4172354948805
"Thailand",2014-11-01,"Asia","ASEAN",4634,-58.8763822525597,14.4172354948805
"Thailand",2014-12-01,"Asia","ASEAN",3543,-58.8763822525597,14.4172354948805
"Thailand",2015-02-01,"Asia","ASEAN",3759,-58.8763822525597,14.4172354948805
"Thailand",2015-03-01,"Asia","ASEAN",4059,-58.8763822525597,14.4172354948805
"Thailand",2015-05-01,"Asia","ASEAN",4429,-58.8763822525597,14.4172354948805
"Thailand",2015-06-01,"Asia","ASEAN",3541,-58.8763822525597,14.4172354948805
"Thailand",2015-07-01,"Asia","ASEAN",3422,-58.8763822525597,14.4172354948805
"Thailand",2015-08-01,"Asia","ASEAN",3351,-58.8763822525597,14.4172354948805
"Thailand",2015-09-01,"Asia","ASEAN",3569,-58.8763822525597,14.4172354948805
"Thailand",2015-10-01,"Asia","ASEAN",3418,-58.8763822525597,14.4172354948805
"Thailand",2015-11-01,"Asia","ASEAN",3961,-58.8763822525597,14.4172354948805
"Thailand",2015-12-01,"Asia","ASEAN",3637,-58.8763822525597,14.4172354948805
"Thailand",2016-01-01,"Asia","ASEAN",4035,-58.8763822525597,14.4172354948805
"Thailand",2016-02-01,"Asia","ASEAN",3744,-58.8763822525597,14.4172354948805
"Thailand",2016-03-01,"Asia","ASEAN",4071,-58.8763822525597,14.4172354948805
"Thailand",2016-04-01,"Asia","ASEAN",4805,-58.8763822525597,14.4172354948805
"Thailand",2016-05-01,"Asia","ASEAN",4048,-58.8763822525597,14.4172354948805
"Thailand",2016-06-01,"Asia","ASEAN",4072,-58.8763822525597,14.4172354948805
"Thailand",2016-07-01,"Asia","ASEAN",3985,-58.8763822525597,14.4172354948805
"Thailand",2016-08-01,"Asia","ASEAN",3788,-58.8763822525597,14.4172354948805
"Thailand",2016-09-01,"Asia","ASEAN",3831,-58.8763822525597,14.4172354948805
"Thailand",2016-10-01,"Asia","ASEAN",3819,-58.8763822525597,14.4172354948805
"Thailand",2016-11-01,"Asia","ASEAN",4174,-58.8763822525597,14.4172354948805
"Thailand",2016-12-01,"Asia","ASEAN",3541,-58.8763822525597,14.4172354948805
"Thailand",2017-01-01,"Asia","ASEAN",3644,-58.8763822525597,14.4172354948805
"Thailand",2017-02-01,"Asia","ASEAN",3638,-58.8763822525597,14.4172354948805
"Thailand",2017-03-01,"Asia","ASEAN",4173,-58.8763822525597,14.4172354948805
"Thailand",2017-04-01,"Asia","ASEAN",4926,-58.8763822525597,14.4172354948805
"Thailand",2017-05-01,"Asia","ASEAN",4334,-58.8763822525597,14.4172354948805
"Thailand",2017-06-01,"Asia","ASEAN",0,-58.8763822525597,14.4172354948805
"Thailand",2017-07-01,"Asia","ASEAN",3279,-58.8763822525597,14.4172354948805
"Thailand",2017-08-01,"Asia","ASEAN",3671,-58.8763822525597,14.4172354948805
"Thailand",2017-09-01,"Asia","ASEAN",4008,-58.8763822525597,14.4172354948805
"Thailand",2017-10-01,"Asia","ASEAN",4145,-58.8763822525597,14.4172354948805
"Thailand",2018-01-01,"Asia","ASEAN",4359,-58.8763822525597,14.4172354948805
"Thailand",2018-02-01,"Asia","ASEAN",4732,-58.8763822525597,14.4172354948805
"Thailand",2018-04-01,"Asia","ASEAN",0,-58.8763822525597,14.4172354948805
"Thailand",2018-05-01,"Asia","ASEAN",7126,-58.8763822525597,14.4172354948805
"Thailand",2018-06-01,"Asia","ASEAN",6339,-58.8763822525597,14.4172354948805
"Thailand",2018-07-01,"Asia","ASEAN",4612,-58.8763822525597,14.4172354948805
"Thailand",2018-08-01,"Asia","ASEAN",4975,-58.8763822525597,14.4172354948805
"Thailand",2018-09-01,"Asia","ASEAN",4199,-58.8763822525597,14.4172354948805
"Thailand",2018-10-01,"Asia","ASEAN",4304,-58.8763822525597,14.4172354948805
"Thailand",2018-11-01,"Asia","ASEAN",4816,-58.8763822525597,14.4172354948805
"Thailand",2018-12-01,"Asia","ASEAN",5032,-58.8763822525597,14.4172354948805
"Vietnam",2014-01-01,"Asia","ASEAN",2321,-53.5057352941176,16.3188235294118
"Vietnam",2014-02-01,"Asia","ASEAN",2847,-53.5057352941176,16.3188235294118
"Vietnam",2014-04-01,"Asia","ASEAN",2249,-53.5057352941176,16.3188235294118
"Vietnam",2014-05-01,"Asia","ASEAN",2266,-53.5057352941176,16.3188235294118
"Vietnam",2014-06-01,"Asia","ASEAN",2833,-53.5057352941176,16.3188235294118
"Vietnam",2014-07-01,"Asia","ASEAN",2645,-53.5057352941176,16.3188235294118
"Vietnam",2014-08-01,"Asia","ASEAN",2470,-53.5057352941176,16.3188235294118
"Vietnam",2014-09-01,"Asia","ASEAN",2038,-53.5057352941176,16.3188235294118
"Vietnam",2014-10-01,"Asia","ASEAN",2227,-53.5057352941176,16.3188235294118
"Vietnam",2014-11-01,"Asia","ASEAN",3005,-53.5057352941176,16.3188235294118
"Vietnam",2014-12-01,"Asia","ASEAN",2094,-53.5057352941176,16.3188235294118
"Vietnam",2015-02-01,"Asia","ASEAN",2811,-53.5057352941176,16.3188235294118
"Vietnam",2015-03-01,"Asia","ASEAN",2858,-53.5057352941176,16.3188235294118
"Vietnam",2015-05-01,"Asia","ASEAN",2761,-53.5057352941176,16.3188235294118
"Vietnam",2015-06-01,"Asia","ASEAN",2884,-53.5057352941176,16.3188235294118
"Vietnam",2015-07-01,"Asia","ASEAN",2607,-53.5057352941176,16.3188235294118
"Vietnam",2015-08-01,"Asia","ASEAN",2810,-53.5057352941176,16.3188235294118
"Vietnam",2015-09-01,"Asia","ASEAN",2189,-53.5057352941176,16.3188235294118
"Vietnam",2015-10-01,"Asia","ASEAN",2283,-53.5057352941176,16.3188235294118
"Vietnam",2015-11-01,"Asia","ASEAN",2618,-53.5057352941176,16.3188235294118
"Vietnam",2015-12-01,"Asia","ASEAN",2508,-53.5057352941176,16.3188235294118
"Vietnam",2016-01-01,"Asia","ASEAN",2564,-53.5057352941176,16.3188235294118
"Vietnam",2016-02-01,"Asia","ASEAN",3053,-53.5057352941176,16.3188235294118
"Vietnam",2016-03-01,"Asia","ASEAN",2588,-53.5057352941176,16.3188235294118
"Vietnam",2016-04-01,"Asia","ASEAN",2921,-53.5057352941176,16.3188235294118
"Vietnam",2016-05-01,"Asia","ASEAN",3102,-53.5057352941176,16.3188235294118
"Vietnam",2016-06-01,"Asia","ASEAN",3653,-53.5057352941176,16.3188235294118
"Vietnam",2016-07-01,"Asia","ASEAN",3040,-53.5057352941176,16.3188235294118
"Vietnam",2016-08-01,"Asia","ASEAN",2743,-53.5057352941176,16.3188235294118
"Vietnam",2016-09-01,"Asia","ASEAN",2486,-53.5057352941176,16.3188235294118
"Vietnam",2016-10-01,"Asia","ASEAN",2528,-53.5057352941176,16.3188235294118
"Vietnam",2016-11-01,"Asia","ASEAN",2877,-53.5057352941176,16.3188235294118
"Vietnam",2016-12-01,"Asia","ASEAN",2340,-53.5057352941176,16.3188235294118
"Vietnam",2017-01-01,"Asia","ASEAN",3767,-53.5057352941176,16.3188235294118
"Vietnam",2017-02-01,"Asia","ASEAN",3536,-53.5057352941176,16.3188235294118
"Vietnam",2017-03-01,"Asia","ASEAN",3014,-53.5057352941176,16.3188235294118
"Vietnam",2017-04-01,"Asia","ASEAN",4023,-53.5057352941176,16.3188235294118
"Vietnam",2017-05-01,"Asia","ASEAN",3966,-53.5057352941176,16.3188235294118
"Vietnam",2017-06-01,"Asia","ASEAN",0,-53.5057352941176,16.3188235294118
"Vietnam",2017-07-01,"Asia","ASEAN",3597,-53.5057352941176,16.3188235294118
"Vietnam",2017-08-01,"Asia","ASEAN",3003,-53.5057352941176,16.3188235294118
"Vietnam",2017-09-01,"Asia","ASEAN",2776,-53.5057352941176,16.3188235294118
"Vietnam",2017-10-01,"Asia","ASEAN",2798,-53.5057352941176,16.3188235294118
"Vietnam",2018-01-01,"Asia","ASEAN",3147,-53.5057352941176,16.3188235294118
"Vietnam",2018-02-01,"Asia","ASEAN",4357,-53.5057352941176,16.3188235294118
"Vietnam",2018-04-01,"Asia","ASEAN",0,-53.5057352941176,16.3188235294118
"Vietnam",2018-05-01,"Asia","ASEAN",4927,-53.5057352941176,16.3188235294118
"Vietnam",2018-06-01,"Asia","ASEAN",5173,-53.5057352941176,16.3188235294118
"Vietnam",2018-07-01,"Asia","ASEAN",5473,-53.5057352941176,16.3188235294118
"Vietnam",2018-08-01,"Asia","ASEAN",4642,-53.5057352941176,16.3188235294118
"Vietnam",2018-09-01,"Asia","ASEAN",3871,-53.5057352941176,16.3188235294118
"Vietnam",2018-10-01,"Asia","ASEAN",4145,-53.5057352941176,16.3188235294118
"Vietnam",2018-11-01,"Asia","ASEAN",4113,-53.5057352941176,16.3188235294118
"Vietnam",2018-12-01,"Asia","ASEAN",4405,-53.5057352941176,16.3188235294118
"Guam",2014-01-01,"Australasia & The Pacific","Australasia & The Pacific",0,-15.2292592592593,13.4496296296296
"Guam",2014-02-01,"Australasia & The Pacific","Australasia & The Pacific",3159,-15.2292592592593,13.4496296296296
"Guam",2014-04-01,"Australasia & The Pacific","Australasia & The Pacific",3312,-15.2292592592593,13.4496296296296
"Guam",2014-05-01,"Australasia & The Pacific","Australasia & The Pacific",2850,-15.2292592592593,13.4496296296296
"Guam",2014-06-01,"Australasia & The Pacific","Australasia & The Pacific",2854,-15.2292592592593,13.4496296296296
"Guam",2014-07-01,"Australasia & The Pacific","Australasia & The Pacific",4563,-15.2292592592593,13.4496296296296
"Guam",2014-08-01,"Australasia & The Pacific","Australasia & The Pacific",3855,-15.2292592592593,13.4496296296296
"Guam",2014-09-01,"Australasia & The Pacific","Australasia & The Pacific",2664,-15.2292592592593,13.4496296296296
"Guam",2014-10-01,"Australasia & The Pacific","Australasia & The Pacific",2333,-15.2292592592593,13.4496296296296
"Guam",2014-11-01,"Australasia & The Pacific","Australasia & The Pacific",2688,-15.2292592592593,13.4496296296296
"Guam",2014-12-01,"Australasia & The Pacific","Australasia & The Pacific",3372,-15.2292592592593,13.4496296296296
"Guam",2015-02-01,"Australasia & The Pacific","Australasia & The Pacific",2490,-15.2292592592593,13.4496296296296
"Guam",2015-03-01,"Australasia & The Pacific","Australasia & The Pacific",2227,-15.2292592592593,13.4496296296296
"Guam",2015-05-01,"Australasia & The Pacific","Australasia & The Pacific",2310,-15.2292592592593,13.4496296296296
"Guam",2015-06-01,"Australasia & The Pacific","Australasia & The Pacific",2882,-15.2292592592593,13.4496296296296
"Guam",2015-07-01,"Australasia & The Pacific","Australasia & The Pacific",4219,-15.2292592592593,13.4496296296296
"Guam",2015-08-01,"Australasia & The Pacific","Australasia & The Pacific",4135,-15.2292592592593,13.4496296296296
"Guam",2015-09-01,"Australasia & The Pacific","Australasia & The Pacific",2422,-15.2292592592593,13.4496296296296
"Guam",2015-10-01,"Australasia & The Pacific","Australasia & The Pacific",2466,-15.2292592592593,13.4496296296296
"Guam",2015-11-01,"Australasia & The Pacific","Australasia & The Pacific",2711,-15.2292592592593,13.4496296296296
"Guam",2015-12-01,"Australasia & The Pacific","Australasia & The Pacific",2711,-15.2292592592593,13.4496296296296
"Guam",2016-01-01,"Australasia & The Pacific","Australasia & The Pacific",0,-15.2292592592593,13.4496296296296
"Guam",2016-02-01,"Australasia & The Pacific","Australasia & The Pacific",2485,-15.2292592592593,13.4496296296296
"Guam",2016-03-01,"Australasia & The Pacific","Australasia & The Pacific",2430,-15.2292592592593,13.4496296296296
"Guam",2016-04-01,"Australasia & The Pacific","Australasia & The Pacific",3089,-15.2292592592593,13.4496296296296
"Guam",2016-05-01,"Australasia & The Pacific","Australasia & The Pacific",3095,-15.2292592592593,13.4496296296296
"Guam",2016-06-01,"Australasia & The Pacific","Australasia & The Pacific",3792,-15.2292592592593,13.4496296296296
"Guam",2016-07-01,"Australasia & The Pacific","Australasia & The Pacific",4629,-15.2292592592593,13.4496296296296
"Guam",2016-08-01,"Australasia & The Pacific","Australasia & The Pacific",4688,-15.2292592592593,13.4496296296296
"Guam",2016-09-01,"Australasia & The Pacific","Australasia & The Pacific",3108,-15.2292592592593,13.4496296296296
"Guam",2016-10-01,"Australasia & The Pacific","Australasia & The Pacific",2670,-15.2292592592593,13.4496296296296
"Guam",2016-11-01,"Australasia & The Pacific","Australasia & The Pacific",2675,-15.2292592592593,13.4496296296296
"Guam",2016-12-01,"Australasia & The Pacific","Australasia & The Pacific",2880,-15.2292592592593,13.4496296296296
"Guam",2017-01-01,"Australasia & The Pacific","Australasia & The Pacific",0,-15.2292592592593,13.4496296296296
"Guam",2017-02-01,"Australasia & The Pacific","Australasia & The Pacific",2608,-15.2292592592593,13.4496296296296
"Guam",2017-03-01,"Australasia & The Pacific","Australasia & The Pacific",2536,-15.2292592592593,13.4496296296296
"Guam",2017-04-01,"Australasia & The Pacific","Australasia & The Pacific",2390,-15.2292592592593,13.4496296296296
"Guam",2017-05-01,"Australasia & The Pacific","Australasia & The Pacific",2872,-15.2292592592593,13.4496296296296
"Guam",2017-06-01,"Australasia & The Pacific","Australasia & The Pacific",2865,-15.2292592592593,13.4496296296296
"Guam",2017-07-01,"Australasia & The Pacific","Australasia & The Pacific",4096,-15.2292592592593,13.4496296296296
"Guam",2017-08-01,"Australasia & The Pacific","Australasia & The Pacific",4222,-15.2292592592593,13.4496296296296
"Guam",2017-09-01,"Australasia & The Pacific","Australasia & The Pacific",2670,-15.2292592592593,13.4496296296296
"Guam",2017-10-01,"Australasia & The Pacific","Australasia & The Pacific",2850,-15.2292592592593,13.4496296296296
"Guam",2018-01-01,"Australasia & The Pacific","Australasia & The Pacific",0,-15.2292592592593,13.4496296296296
"Guam",2018-02-01,"Australasia & The Pacific","Australasia & The Pacific",2901,-15.2292592592593,13.4496296296296
"Guam",2018-04-01,"Australasia & The Pacific","Australasia & The Pacific",3190,-15.2292592592593,13.4496296296296
"Guam",2018-05-01,"Australasia & The Pacific","Australasia & The Pacific",2691,-15.2292592592593,13.4496296296296
"Guam",2018-06-01,"Australasia & The Pacific","Australasia & The Pacific",3286,-15.2292592592593,13.4496296296296
"Guam",2018-07-01,"Australasia & The Pacific","Australasia & The Pacific",4040,-15.2292592592593,13.4496296296296
"Guam",2018-08-01,"Australasia & The Pacific","Australasia & The Pacific",3528,-15.2292592592593,13.4496296296296
"Guam",2018-09-01,"Australasia & The Pacific","Australasia & The Pacific",1775,-15.2292592592593,13.4496296296296
"Guam",2018-10-01,"Australasia & The Pacific","Australasia & The Pacific",1728,-15.2292592592593,13.4496296296296
"Guam",2018-11-01,"Australasia & The Pacific","Australasia & The Pacific",2088,-15.2292592592593,13.4496296296296
"Guam",2018-12-01,"Australasia & The Pacific","Australasia & The Pacific",2164,-15.2292592592593,13.4496296296296
"Netherlands",2014-01-01,"Europe","Western Europe",2161,-154.601603773585,52.0650943396226
"Netherlands",2014-02-01,"Europe","Western Europe",2000,-154.601603773585,52.0650943396226
"Netherlands",2014-04-01,"Europe","Western Europe",2114,-154.601603773585,52.0650943396226
"Netherlands",2014-05-01,"Europe","Western Europe",1940,-154.601603773585,52.0650943396226
"Netherlands",2014-06-01,"Europe","Western Europe",1617,-154.601603773585,52.0650943396226
"Netherlands",2014-07-01,"Europe","Western Europe",2695,-154.601603773585,52.0650943396226
"Netherlands",2014-08-01,"Europe","Western Europe",1540,-154.601603773585,52.0650943396226
"Netherlands",2014-09-01,"Europe","Western Europe",1641,-154.601603773585,52.0650943396226
"Netherlands",2014-10-01,"Europe","Western Europe",1847,-154.601603773585,52.0650943396226
"Netherlands",2014-11-01,"Europe","Western Europe",2276,-154.601603773585,52.0650943396226
"Netherlands",2014-12-01,"Europe","Western Europe",3308,-154.601603773585,52.0650943396226
"Netherlands",2015-02-01,"Europe","Western Europe",2356,-154.601603773585,52.0650943396226
"Netherlands",2015-03-01,"Europe","Western Europe",2365,-154.601603773585,52.0650943396226
"Netherlands",2015-05-01,"Europe","Western Europe",2501,-154.601603773585,52.0650943396226
"Netherlands",2015-06-01,"Europe","Western Europe",2308,-154.601603773585,52.0650943396226
"Netherlands",2015-07-01,"Europe","Western Europe",1769,-154.601603773585,52.0650943396226
"Netherlands",2015-08-01,"Europe","Western Europe",2812,-154.601603773585,52.0650943396226
"Netherlands",2015-09-01,"Europe","Western Europe",1803,-154.601603773585,52.0650943396226
"Netherlands",2015-10-01,"Europe","Western Europe",1663,-154.601603773585,52.0650943396226
"Netherlands",2015-11-01,"Europe","Western Europe",2085,-154.601603773585,52.0650943396226
"Netherlands",2015-12-01,"Europe","Western Europe",2590,-154.601603773585,52.0650943396226
"Netherlands",2016-01-01,"Europe","Western Europe",3240,-154.601603773585,52.0650943396226
"Netherlands",2016-02-01,"Europe","Western Europe",2809,-154.601603773585,52.0650943396226
"Netherlands",2016-03-01,"Europe","Western Europe",2872,-154.601603773585,52.0650943396226
"Netherlands",2016-04-01,"Europe","Western Europe",2848,-154.601603773585,52.0650943396226
"Netherlands",2016-05-01,"Europe","Western Europe",2319,-154.601603773585,52.0650943396226
"Netherlands",2016-06-01,"Europe","Western Europe",1788,-154.601603773585,52.0650943396226
"Netherlands",2016-07-01,"Europe","Western Europe",3282,-154.601603773585,52.0650943396226
"Netherlands",2016-08-01,"Europe","Western Europe",2080,-154.601603773585,52.0650943396226
"Netherlands",2016-09-01,"Europe","Western Europe",1555,-154.601603773585,52.0650943396226
"Netherlands",2016-10-01,"Europe","Western Europe",2409,-154.601603773585,52.0650943396226
"Netherlands",2016-11-01,"Europe","Western Europe",2882,-154.601603773585,52.0650943396226
"Netherlands",2016-12-01,"Europe","Western Europe",3792,-154.601603773585,52.0650943396226
"Netherlands",2017-01-01,"Europe","Western Europe",3852,-154.601603773585,52.0650943396226
"Netherlands",2017-02-01,"Europe","Western Europe",3038,-154.601603773585,52.0650943396226
"Netherlands",2017-03-01,"Europe","Western Europe",2854,-154.601603773585,52.0650943396226
"Netherlands",2017-04-01,"Europe","Western Europe",3337,-154.601603773585,52.0650943396226
"Netherlands",2017-05-01,"Europe","Western Europe",2738,-154.601603773585,52.0650943396226
"Netherlands",2017-06-01,"Europe","Western Europe",0,-154.601603773585,52.0650943396226
"Netherlands",2017-07-01,"Europe","Western Europe",2020,-154.601603773585,52.0650943396226
"Netherlands",2017-08-01,"Europe","Western Europe",3224,-154.601603773585,52.0650943396226
"Netherlands",2017-09-01,"Europe","Western Europe",2135,-154.601603773585,52.0650943396226
"Netherlands",2017-10-01,"Europe","Western Europe",1897,-154.601603773585,52.0650943396226
"Netherlands",2018-01-01,"Europe","Western Europe",3434,-154.601603773585,52.0650943396226
"Netherlands",2018-02-01,"Europe","Western Europe",2860,-154.601603773585,52.0650943396226
"Netherlands",2018-04-01,"Europe","Western Europe",0,-154.601603773585,52.0650943396226
"Netherlands",2018-05-01,"Europe","Western Europe",3405,-154.601603773585,52.0650943396226
"Netherlands",2018-06-01,"Europe","Western Europe",2945,-154.601603773585,52.0650943396226
"Netherlands",2018-07-01,"Europe","Western Europe",2195,-154.601603773585,52.0650943396226
"Netherlands",2018-08-01,"Europe","Western Europe",3922,-154.601603773585,52.0650943396226
"Netherlands",2018-09-01,"Europe","Western Europe",2426,-154.601603773585,52.0650943396226
"Netherlands",2018-10-01,"Europe","Western Europe",2018,-154.601603773585,52.0650943396226
"Netherlands",2018-11-01,"Europe","Western Europe",2730,-154.601603773585,52.0650943396226
"Netherlands",2018-12-01,"Europe","Western Europe",3536,-154.601603773585,52.0650943396226
